frame,timestamp_s,obstacle_id,detection_source,cam_dist_m,lidar_dist_m,gt_dist_m,cam_error_m,lidar_error_m,cam_rel_error_pct,lidar_rel_error_pct,cam_within_1m,lidar_within_1m,cam_latency_ms,lidar_latency_ms,danger_level,angle_deg,sector,match_method
0,47.1462,cam_0,CAM_ONLY,32.7170,,38.7849,6.0679,,15.6451,,0,,14.88,5.74,warning,-27.24,,CAMERA_ONLY
0,47.1462,cam_0,CAM_ONLY,38.6844,,38.7849,0.1005,,0.2591,,1,,14.88,5.74,slowdown,-16.58,,CAMERA_ONLY
0,47.2226,cam_0,CAM_ONLY,34.1319,,38.7365,4.6046,,11.8870,,0,,21.94,9.13,warning,-27.49,,CAMERA_ONLY
0,47.2226,cam_0,CAM_ONLY,38.6428,,38.7365,0.0937,,0.2418,,1,,21.94,9.13,slowdown,-16.66,,CAMERA_ONLY
0,47.6811,t14,LIDAR_ONLY,13.6321,13.6321,10.2036,3.4286,3.4286,33.6020,33.6020,0,0,12.83,1.90,cautious,-0.28,front,LIDAR_ONLY
0,47.6811,t15,LIDAR_ONLY,17.9546,17.9546,,,,,,,,12.83,1.90,drive,13.24,front,LIDAR_ONLY
0,47.6811,t14,LIDAR_ONLY,11.0301,11.0301,10.2036,0.8265,0.8265,8.1004,8.1004,1,1,12.83,1.90,slow,3.58,front,LIDAR_ONLY
0,47.6811,t14,LIDAR_ONLY,11.0392,11.0392,10.2036,0.8357,0.8357,8.1903,8.1903,1,1,12.83,1.90,slow,5.05,front,LIDAR_ONLY
0,47.7515,t16,LIDAR_ONLY,20.2975,20.2975,,,,,,,,15.67,7.07,drive,24.88,front,LIDAR_ONLY
0,47.8273,cam_1,CAM_ONLY,52.4856,,51.1382,1.3474,,2.6347,,0,,16.70,3.24,safe,-10.49,,CAMERA_ONLY
0,47.9143,cam_1,CAM_ONLY,39.5954,,51.2772,11.6818,,22.7817,,0,,19.58,9.47,safe,-3.98,,CAMERA_ONLY
0,47.9143,cam_1,CAM_ONLY,50.2263,,51.2772,1.0509,,2.0494,,0,,19.58,9.47,safe,-9.71,,CAMERA_ONLY
0,47.9760,cam_1,CAM_ONLY,42.7167,,51.3220,8.6053,,16.7673,,0,,12.12,1.89,safe,-3.44,,CAMERA_ONLY
0,47.9760,cam_1,CAM_ONLY,52.7566,,51.3220,1.4346,,2.7952,,0,,12.12,1.89,safe,-9.19,,CAMERA_ONLY
0,48.0457,cam_1,CAM_ONLY,50.2085,,51.3838,1.1753,,2.2874,,0,,17.20,5.13,safe,-8.84,,CAMERA_ONLY
0,48.0457,t21,LIDAR_ONLY,12.8523,12.8523,9.1617,3.6906,3.6906,40.2826,40.2826,0,0,17.20,5.13,cautious,6.94,front,LIDAR_ONLY
0,48.0457,t21,LIDAR_ONLY,9.7976,9.7976,9.1617,0.6359,0.6359,6.9405,6.9405,1,1,17.20,5.13,slow,9.78,front,LIDAR_ONLY
0,48.1355,cam_1,CAM_ONLY,44.4188,,51.4182,6.9994,,13.6126,,0,,24.27,8.48,safe,-2.51,,CAMERA_ONLY
0,48.1355,cam_1,CAM_ONLY,53.0108,,51.4182,1.5926,,3.0974,,0,,24.27,8.48,safe,-8.40,,CAMERA_ONLY
0,48.1956,cam_1,CAM_ONLY,52.7929,,51.4241,1.3687,,2.6617,,0,,13.06,5.68,safe,-8.18,,CAMERA_ONLY
0,48.1956,t21,LIDAR_ONLY,9.6483,9.6483,8.7185,0.9297,0.9297,10.6640,10.6640,1,1,13.06,5.68,slow,10.02,front,LIDAR_ONLY
0,48.2742,cam_1,CAM_ONLY,52.3453,,51.4044,0.9409,,1.8305,,1,,14.56,2.44,safe,-8.05,,CAMERA_ONLY
0,48.3503,cam_1,CAM_ONLY,52.3886,,51.3837,1.0049,,1.9556,,0,,13.76,7.27,safe,-8.05,,CAMERA_ONLY
0,48.3503,t28,LIDAR_ONLY,18.7926,18.7926,,,,,,,,13.76,7.27,drive,27.00,front,LIDAR_ONLY
0,48.3503,t21,LIDAR_ONLY,9.5439,9.5439,,,,,,,,13.76,7.27,slow,16.67,front,LIDAR_ONLY
0,48.4149,cam_1,CAM_ONLY,51.6174,,51.3132,0.3042,,0.5929,,1,,12.38,4.19,safe,-8.18,,CAMERA_ONLY
0,48.6473,t35,LIDAR_ONLY,18.1579,18.1579,,,,,,,,19.72,6.25,drive,26.81,front,LIDAR_ONLY
0,48.6473,t38,LIDAR_ONLY,9.2613,9.2613,,,,,,,,19.72,6.25,slow,14.32,front,LIDAR_ONLY
0,48.6473,t38,LIDAR_ONLY,8.0633,8.0633,,,,,,,,19.72,6.25,slow,16.33,front,LIDAR_ONLY
0,48.7977,cam_1,CAM_ONLY,50.2987,,51.2646,0.9659,,1.8842,,1,,20.40,6.45,safe,-7.21,,CAMERA_ONLY
0,48.7977,t38,LIDAR_ONLY,7.8797,7.8797,,,,,,,,20.40,6.45,slow,19.44,front,LIDAR_ONLY
0,48.8767,cam_1,CAM_ONLY,43.9594,,51.2713,7.3119,,14.2613,,0,,21.26,1.81,safe,-0.04,,CAMERA_ONLY
0,48.8767,cam_1,CAM_ONLY,51.8709,,51.2713,0.5996,,1.1694,,1,,21.26,1.81,safe,-6.46,,CAMERA_ONLY
0,48.9867,cam_1,CAM_ONLY,42.0911,,51.2578,9.1667,,17.8836,,0,,20.51,10.39,safe,0.58,,CAMERA_ONLY
0,48.9867,cam_1,CAM_ONLY,48.8400,,51.2578,2.4179,,4.7171,,0,,20.51,10.39,safe,-5.98,,CAMERA_ONLY
0,49.0722,cam_1,CAM_ONLY,49.0497,,51.2318,2.1821,,4.2593,,0,,19.37,12.88,safe,-5.58,,CAMERA_ONLY
0,49.1327,cam_1,CAM_ONLY,50.8234,,51.1937,0.3703,,0.7234,,1,,9.47,1.87,safe,-5.22,,CAMERA_ONLY
0,49.1989,cam_1,CAM_ONLY,50.1899,,51.1300,0.9401,,1.8387,,1,,13.71,7.09,safe,-5.13,,CAMERA_ONLY
0,49.1989,t51,LIDAR_ONLY,6.8396,6.8396,5.6466,1.1929,1.1929,21.1265,21.1265,0,0,13.71,7.09,stop,15.97,front,LIDAR_ONLY
0,49.2716,cam_1,CAM_ONLY,50.7270,,51.0539,0.3269,,0.6403,,1,,21.52,3.08,safe,-5.13,,CAMERA_ONLY
0,49.3258,cam_1,CAM_ONLY,50.8836,,50.9936,0.1100,,0.2157,,1,,10.51,2.56,safe,-5.13,,CAMERA_ONLY
0,49.3916,cam_1,CAM_ONLY,48.7497,,50.9137,2.1641,,4.2505,,0,,12.29,6.57,safe,-5.36,,CAMERA_ONLY
0,49.3916,t54,LIDAR_ONLY,5.9301,5.9301,,,,,,,,12.29,6.57,stop,27.80,front,LIDAR_ONLY
0,49.4574,cam_1,CAM_ONLY,46.5550,,50.8038,4.2488,,8.3632,,0,,12.03,5.23,safe,-5.62,,CAMERA_ONLY
0,49.5227,cam_1,CAM_ONLY,49.3171,,50.7136,1.3965,,2.7538,,0,,13.00,3.05,safe,-5.98,,CAMERA_ONLY
0,49.5806,cam_1,CAM_ONLY,46.2693,,50.6239,4.3546,,8.6018,,0,,9.69,2.08,safe,0.58,,CAMERA_ONLY
0,49.5806,cam_1,CAM_ONLY,48.1832,,50.6239,2.4407,,4.8212,,0,,9.69,2.08,safe,-6.20,,CAMERA_ONLY
0,49.6614,cam_1,CAM_ONLY,48.2869,,50.5911,2.3042,,4.5545,,0,,16.41,4.60,safe,-5.84,,CAMERA_ONLY
0,49.7997,cam_1,CAM_ONLY,47.5601,,50.5362,2.9762,,5.8891,,0,,12.80,7.21,safe,-4.47,,CAMERA_ONLY
0,49.7997,t62,LIDAR_ONLY,4.6172,4.6172,,,,,,,,12.80,7.21,stop,23.82,front,LIDAR_ONLY
0,49.8624,cam_1,CAM_ONLY,45.9805,,50.4601,4.4796,,8.8776,,0,,14.28,6.66,safe,2.95,,CAMERA_ONLY
0,49.8624,cam_1,CAM_ONLY,46.7984,,50.4601,3.6617,,7.2566,,0,,14.28,6.66,safe,-3.89,,CAMERA_ONLY
0,49.9300,cam_1,CAM_ONLY,49.6123,,45.5021,4.1102,,9.0330,,0,,16.83,2.46,safe,-3.31,,CAMERA_ONLY
0,49.9300,cam_1,CAM_ONLY,50.1299,,45.5021,4.6279,,10.1707,,0,,16.83,2.46,safe,3.58,,CAMERA_ONLY
0,50.0015,cam_1,CAM_ONLY,45.9364,,50.3524,4.4161,,8.7703,,0,,15.31,9.29,safe,-2.73,,CAMERA_ONLY
0,50.0766,cam_1,CAM_ONLY,47.3215,,45.5703,1.7512,,3.8428,,0,,15.96,3.18,safe,-2.06,,CAMERA_ONLY
0,50.0766,cam_1,CAM_ONLY,47.5279,,45.5703,1.9576,,4.2958,,0,,15.96,3.18,safe,5.00,,CAMERA_ONLY
0,50.1446,cam_1,CAM_ONLY,47.0608,,50.2225,3.1617,,6.2954,,0,,11.23,10.02,safe,5.36,,CAMERA_ONLY
0,50.1446,cam_1,CAM_ONLY,49.3718,,50.2225,0.8507,,1.6938,,1,,11.23,10.02,safe,-1.66,,CAMERA_ONLY
0,50.2169,cam_1,CAM_ONLY,45.1237,,45.7103,0.5866,,1.2834,,1,,14.06,4.16,safe,-1.12,,CAMERA_ONLY
0,50.2169,cam_1,CAM_ONLY,47.8130,,45.7103,2.1027,,4.6001,,0,,14.06,4.16,safe,6.06,,CAMERA_ONLY
0,50.2815,cam_1,CAM_ONLY,47.8772,,50.0787,2.2014,,4.3959,,0,,17.42,1.84,safe,6.42,,CAMERA_ONLY
0,50.2815,cam_1,CAM_ONLY,48.5436,,50.0787,1.5351,,3.0653,,0,,17.42,1.84,safe,-0.76,,CAMERA_ONLY
0,50.2815,t72,LIDAR_ONLY,7.0315,7.0315,45.7824,38.7509,38.7509,84.6415,84.6415,0,0,17.42,1.84,stop,12.73,front,LIDAR_ONLY
0,50.3531,cam_1,CAM_ONLY,46.3096,,45.8777,0.4319,,0.9415,,1,,16.54,7.97,safe,-0.45,,CAMERA_ONLY
0,50.3531,cam_1,CAM_ONLY,48.0414,,45.8777,2.1637,,4.7163,,0,,16.54,7.97,safe,6.82,,CAMERA_ONLY
0,50.4173,cam_1,CAM_ONLY,46.7108,,49.9309,3.2201,,6.4490,,0,,15.33,2.76,safe,7.26,,CAMERA_ONLY
0,50.4173,cam_1,CAM_ONLY,48.5913,,49.9309,1.3395,,2.6828,,0,,15.33,2.76,safe,-0.04,,CAMERA_ONLY
0,50.4785,cam_1,CAM_ONLY,47.1645,,49.8617,2.6972,,5.4094,,0,,10.33,2.38,safe,7.61,,CAMERA_ONLY
0,50.4785,cam_1,CAM_ONLY,47.4155,,49.8617,2.4463,,4.9061,,0,,10.33,2.38,safe,0.22,,CAMERA_ONLY
0,50.5419,cam_1,CAM_ONLY,46.6128,,46.1188,0.4940,,1.0711,,1,,14.54,6.25,safe,0.27,,CAMERA_ONLY
0,50.5419,cam_1,CAM_ONLY,47.1109,,46.1188,0.9920,,2.1511,,1,,14.54,6.25,safe,7.70,,CAMERA_ONLY
0,50.5419,t80,LIDAR_ONLY,3.4494,3.4494,0.7373,2.7122,2.7122,367.8596,367.8596,0,0,14.54,6.25,emergency_stop,28.31,front,LIDAR_ONLY
0,50.6151,cam_1,CAM_ONLY,47.5014,,49.7025,2.2011,,4.4285,,0,,22.38,5.72,safe,7.79,,CAMERA_ONLY
0,50.6151,cam_1,CAM_ONLY,47.8404,,49.7025,1.8621,,3.7465,,0,,22.38,5.72,safe,0.27,,CAMERA_ONLY
0,50.6774,cam_1,CAM_ONLY,46.7104,,46.2757,0.4347,,0.9393,,1,,13.64,1.24,safe,7.79,,CAMERA_ONLY
0,50.7845,cam_1,CAM_ONLY,48.1101,,46.3874,1.7227,,3.7137,,0,,12.80,1.25,safe,7.57,,CAMERA_ONLY
0,50.8578,cam_1,CAM_ONLY,48.8018,,49.4341,0.6323,,1.2790,,1,,10.65,7.34,safe,7.21,,CAMERA_ONLY
0,50.8578,cam_1,CAM_ONLY,49.1043,,49.4341,0.3298,,0.6671,,1,,10.65,7.34,safe,-0.45,,CAMERA_ONLY
0,50.9205,cam_1,CAM_ONLY,46.7996,,49.2997,2.5000,,5.0711,,0,,12.97,3.23,safe,6.77,,CAMERA_ONLY
0,50.9205,cam_1,CAM_ONLY,48.6300,,49.2997,0.6696,,1.3583,,1,,12.97,3.23,safe,-0.81,,CAMERA_ONLY
0,50.9769,cam_1,CAM_ONLY,46.7746,,49.2277,2.4531,,4.9831,,0,,10.95,2.23,safe,6.99,,CAMERA_ONLY
0,50.9769,cam_1,CAM_ONLY,50.5101,,49.2277,1.2824,,2.6050,,0,,10.95,2.23,safe,-0.63,,CAMERA_ONLY
0,51.0926,cam_1,CAM_ONLY,49.5906,,46.3419,3.2486,,7.0102,,0,,19.96,47.81,safe,-0.45,,CAMERA_ONLY
0,51.0926,cam_1,CAM_ONLY,51.4742,,46.3419,5.1323,,11.0748,,0,,19.96,47.81,safe,7.39,,CAMERA_ONLY
0,51.2778,t96,LIDAR_ONLY,18.5664,18.5664,,,,,,,,13.66,32.63,cautious,24.41,front,LIDAR_ONLY
0,51.2778,t96,LIDAR_ONLY,17.1113,17.1113,,,,,,,,13.66,32.63,cautious,27.03,front,LIDAR_ONLY
0,51.3420,t96,LIDAR_ONLY,17.2951,17.2951,,,,,,,,10.81,10.39,cautious,22.72,front,LIDAR_ONLY
0,51.3420,t96,LIDAR_ONLY,17.4163,17.4163,,,,,,,,10.81,10.39,cautious,25.10,front,LIDAR_ONLY
0,51.3420,t96,LIDAR_ONLY,17.5617,17.5617,,,,,,,,10.81,10.39,cautious,22.03,front,LIDAR_ONLY
0,51.5806,cam_2,CAM_ONLY,48.8737,,47.8981,0.9756,,2.0369,,1,,12.27,1.18,safe,-2.51,,CAMERA_ONLY
0,51.6791,cam_2,CAM_ONLY,49.1570,,45.9519,3.2051,,6.9750,,0,,16.78,21.62,safe,5.93,,CAMERA_ONLY
0,51.7809,cam_2,CAM_ONLY,48.8769,,47.4808,1.3961,,2.9404,,0,,15.71,1.29,safe,7.08,,CAMERA_ONLY
0,51.7809,cam_2,CAM_ONLY,49.4747,,47.4808,1.9939,,4.1994,,0,,15.71,1.29,safe,-1.12,,CAMERA_ONLY
0,51.7809,t104,LIDAR_ONLY,15.5573,15.5573,,,,,,,,15.71,1.29,cautious,27.77,front,LIDAR_ONLY
0,51.7809,t104,LIDAR_ONLY,15.9085,15.9085,,,,,,,,15.71,1.29,cautious,23.12,front,LIDAR_ONLY
0,51.7809,t104,LIDAR_ONLY,16.2010,16.2010,,,,,,,,15.71,1.29,cautious,24.73,front,LIDAR_ONLY
0,51.9653,cam_2,CAM_ONLY,48.7285,,47.1028,1.6257,,3.4514,,0,,10.43,3.39,safe,8.92,,CAMERA_ONLY
0,51.9653,cam_2,CAM_ONLY,50.9010,,47.1028,3.7982,,8.0636,,0,,10.43,3.39,safe,0.40,,CAMERA_ONLY
0,52.0335,cam_2,CAM_ONLY,47.0917,,45.7266,1.3651,,2.9854,,0,,17.66,1.46,safe,9.19,,CAMERA_ONLY
0,52.1338,cam_2,CAM_ONLY,46.8963,,45.7032,1.1931,,2.6106,,0,,16.33,31.63,safe,9.75,,CAMERA_ONLY
0,52.2314,cam_2,CAM_ONLY,50.0794,,46.5845,3.4949,,7.5023,,0,,16.77,33.95,safe,10.45,,CAMERA_ONLY
0,52.2314,cam_2,CAM_ONLY,50.2415,,46.5845,3.6571,,7.8504,,0,,16.77,33.95,safe,1.75,,CAMERA_ONLY
0,52.3704,cam_2,CAM_ONLY,47.8549,,45.9772,1.8777,,4.0839,,0,,13.49,2.68,safe,11.27,,CAMERA_ONLY
0,52.4369,cam_2,CAM_ONLY,50.4645,,46.1605,4.3040,,9.3240,,0,,18.87,1.72,safe,11.61,,CAMERA_ONLY
0,52.6398,t121,LIDAR_ONLY,21.1839,21.1839,,,,,,,,11.82,2.58,drive,26.95,front,LIDAR_ONLY
0,52.6398,t121,LIDAR_ONLY,19.8375,19.8375,,,,,,,,11.82,2.58,drive,28.92,front,LIDAR_ONLY
0,52.6398,t121,LIDAR_ONLY,20.0994,20.0994,,,,,,,,11.82,2.58,drive,25.68,front,LIDAR_ONLY
0,52.7073,cam_2,CAM_ONLY,49.0586,,46.7773,2.2813,,4.8769,,0,,13.78,10.47,safe,12.30,,CAMERA_ONLY
0,52.7728,cam_2,CAM_ONLY,50.2265,,46.9793,3.2471,,6.9118,,0,,13.58,2.87,safe,12.47,,CAMERA_ONLY
0,52.8314,cam_2,CAM_ONLY,50.6877,,47.2606,3.4271,,7.2515,,0,,13.89,3.06,safe,12.47,,CAMERA_ONLY
0,52.9071,cam_2,CAM_ONLY,45.9821,,45.4310,0.5511,,1.2130,,1,,13.28,8.66,safe,2.68,,CAMERA_ONLY
0,53.1529,cam_2,CAM_ONLY,53.1209,,48.7424,4.3785,,8.9830,,0,,24.10,9.07,safe,9.93,,CAMERA_ONLY
0,53.2220,cam_2,CAM_ONLY,51.9808,,49.0523,2.9285,,5.9701,,0,,18.50,3.76,safe,8.75,,CAMERA_ONLY
0,53.3401,t135,LIDAR_ONLY,23.4043,23.4043,,,,,,,,17.09,2.88,drive,19.66,front,LIDAR_ONLY
0,53.3401,t135,LIDAR_ONLY,21.4466,21.4466,,,,,,,,17.09,2.88,drive,21.59,front,LIDAR_ONLY
0,53.3401,t135,LIDAR_ONLY,20.7087,20.7087,,,,,,,,17.09,2.88,drive,24.26,front,LIDAR_ONLY
0,53.4864,t135,LIDAR_ONLY,18.1268,18.1268,,,,,,,,17.73,2.54,cautious,27.85,front,LIDAR_ONLY
0,53.4864,t135,LIDAR_ONLY,18.1497,18.1497,,,,,,,,17.73,2.54,cautious,24.73,front,LIDAR_ONLY
0,53.4864,t135,LIDAR_ONLY,18.1129,18.1129,,,,,,,,17.73,2.54,cautious,21.01,front,LIDAR_ONLY
0,53.4864,t135,LIDAR_ONLY,17.6290,17.6290,,,,,,,,17.73,2.54,cautious,20.41,front,LIDAR_ONLY
0,53.6289,t140,LIDAR_ONLY,26.1686,26.1686,45.2673,19.0987,19.0987,42.1910,42.1910,0,0,10.30,1.31,drive,-26.83,front,LIDAR_ONLY
0,53.6893,cam_3,CAM_ONLY,52.3928,,49.1382,3.2545,,6.6232,,0,,12.19,1.90,safe,10.58,,CAMERA_ONLY
0,53.6893,t135,LIDAR_ONLY,17.7933,17.7933,,,,,,,,12.19,1.90,cautious,22.84,front,LIDAR_ONLY
0,53.6893,t135,LIDAR_ONLY,18.9531,18.9531,,,,,,,,12.19,1.90,cautious,24.11,front,LIDAR_ONLY
0,53.7567,cam_3,CAM_ONLY,50.0811,,49.0580,1.0231,,2.0855,,0,,15.31,8.18,safe,10.97,,CAMERA_ONLY
0,53.9354,t147,LIDAR_ONLY,20.7671,20.7671,,,,,,,,14.44,1.13,drive,25.93,front,LIDAR_ONLY
0,53.9354,t147,LIDAR_ONLY,20.1576,20.1576,,,,,,,,14.44,1.13,drive,27.17,front,LIDAR_ONLY
0,53.9354,t147,LIDAR_ONLY,19.5566,19.5566,,,,,,,,14.44,1.13,drive,28.36,front,LIDAR_ONLY
0,53.9354,t147,LIDAR_ONLY,19.5628,19.5628,,,,,,,,14.44,1.13,drive,26.60,front,LIDAR_ONLY
0,54.0916,t147,LIDAR_ONLY,19.7317,19.7317,,,,,,,,14.79,3.46,drive,25.92,front,LIDAR_ONLY
0,54.0916,t147,LIDAR_ONLY,19.8093,19.8093,,,,,,,,14.79,3.46,drive,26.79,front,LIDAR_ONLY
0,54.3329,t156,LIDAR_ONLY,19.3930,19.3930,,,,,,,,13.83,1.12,drive,27.80,front,LIDAR_ONLY
0,54.3913,t156,LIDAR_ONLY,19.4960,19.4960,,,,,,,,11.99,4.77,drive,25.88,front,LIDAR_ONLY
0,54.3913,t156,LIDAR_ONLY,19.5323,19.5323,,,,,,,,11.99,4.77,drive,27.33,front,LIDAR_ONLY
0,54.6812,cam_4,CAM_ONLY,55.3247,,48.7548,6.5699,,13.4754,,0,,10.52,1.16,safe,8.57,,CAMERA_ONLY
0,54.8900,t166,LIDAR_ONLY,20.4047,20.4047,,,,,,,,13.81,4.09,drive,21.91,front,LIDAR_ONLY
0,54.8900,t166,LIDAR_ONLY,19.5105,19.5105,,,,,,,,13.81,4.09,drive,23.16,front,LIDAR_ONLY
0,55.2517,t174,LIDAR_ONLY,18.6982,18.6982,,,,,,,,17.01,9.32,drive,26.78,front,LIDAR_ONLY
0,55.3921,cam_5,CAM_ONLY,51.1101,,48.3854,2.7247,,5.6312,,0,,14.04,3.03,safe,12.25,,CAMERA_ONLY
0,55.3921,t174,LIDAR_ONLY,18.8833,18.8833,,,,,,,,14.04,3.03,drive,26.62,front,LIDAR_ONLY
0,55.3921,t174,LIDAR_ONLY,18.9062,18.9062,,,,,,,,14.04,3.03,drive,28.35,front,LIDAR_ONLY
0,55.3921,t174,LIDAR_ONLY,19.1487,19.1487,,,,,,,,14.04,3.03,drive,24.53,front,LIDAR_ONLY
0,55.5285,cam_5,CAM_ONLY,51.8265,,48.6086,3.2178,,6.6199,,0,,10.71,1.36,safe,13.02,,CAMERA_ONLY
0,55.5910,cam_5,CAM_ONLY,51.4761,,48.7466,2.7294,,5.5992,,0,,9.29,6.24,safe,13.23,,CAMERA_ONLY
0,55.5910,t174,LIDAR_ONLY,19.3720,19.3720,,,,,,,,9.29,6.24,drive,27.35,front,LIDAR_ONLY
0,55.6648,cam_5,CAM_ONLY,51.5883,,48.9426,2.6457,,5.4057,,0,,20.54,2.62,safe,13.44,,CAMERA_ONLY
0,55.7826,t174,LIDAR_ONLY,19.6908,19.6908,,,,,,,,13.14,1.67,drive,26.28,front,LIDAR_ONLY
0,55.7826,t174,LIDAR_ONLY,19.9290,19.9290,,,,,,,,13.14,1.67,drive,27.83,front,LIDAR_ONLY
0,55.7826,t174,LIDAR_ONLY,19.9951,19.9951,,,,,,,,13.14,1.67,drive,29.77,front,LIDAR_ONLY
0,55.8404,t174,LIDAR_ONLY,19.9352,19.9352,,,,,,,,9.27,2.42,drive,27.97,front,LIDAR_ONLY
0,55.8404,t174,LIDAR_ONLY,19.9829,19.9829,,,,,,,,9.27,2.42,drive,26.14,front,LIDAR_ONLY
0,56.0225,cam_6,CAM_ONLY,48.5297,,50.2895,1.7598,,3.4993,,0,,10.71,2.78,safe,2.51,,CAMERA_ONLY
0,56.0225,cam_6,CAM_ONLY,52.2823,,50.2895,1.9928,,3.9626,,0,,10.71,2.78,safe,13.57,,CAMERA_ONLY
0,56.0813,cam_6,CAM_ONLY,47.6293,,43.9804,3.6489,,8.2968,,0,,13.10,1.22,safe,2.01,,CAMERA_ONLY
0,56.3322,t199,LIDAR_ONLY,13.9986,13.9986,,,,,,,,13.47,1.79,cautious,29.65,front,LIDAR_ONLY
0,56.3322,t199,LIDAR_ONLY,14.3243,14.3243,,,,,,,,13.47,1.79,cautious,22.82,front,LIDAR_ONLY
0,56.3322,t199,LIDAR_ONLY,14.6304,14.6304,,,,,,,,13.47,1.79,cautious,20.10,front,LIDAR_ONLY
0,56.5920,t207,LIDAR_ONLY,21.4280,21.4280,,,,,,,,13.55,3.20,drive,18.01,front,LIDAR_ONLY
0,56.5920,t207,LIDAR_ONLY,18.9675,18.9675,,,,,,,,13.55,3.20,drive,20.62,front,LIDAR_ONLY
0,56.5920,t207,LIDAR_ONLY,19.0187,19.0187,,,,,,,,13.55,3.20,drive,18.61,front,LIDAR_ONLY
0,57.0342,t220,LIDAR_ONLY,19.0065,19.0065,,,,,,,,15.98,1.70,drive,25.07,front,LIDAR_ONLY
0,57.5800,cam_7,CAM_ONLY,50.6156,,44.3249,6.2908,,14.1924,,0,,20.04,1.14,safe,3.22,,CAMERA_ONLY
0,57.7821,t232,LIDAR_ONLY,20.3900,20.3900,,,,,,,,15.41,1.74,drive,27.01,front,LIDAR_ONLY
0,57.7821,t234,LIDAR_ONLY,22.9348,22.9348,,,,,,,,15.41,1.74,drive,-28.30,front,LIDAR_ONLY
0,58.2940,t245,LIDAR_ONLY,19.6181,19.6181,,,,,,,,15.34,4.80,drive,26.89,front,LIDAR_ONLY
0,58.2940,t245,LIDAR_ONLY,18.8489,18.8489,,,,,,,,15.34,4.80,drive,28.07,front,LIDAR_ONLY
0,58.2940,t245,LIDAR_ONLY,18.8494,18.8494,,,,,,,,15.34,4.80,drive,27.44,front,LIDAR_ONLY
0,58.5349,t253,LIDAR_ONLY,21.7149,21.7149,,,,,,,,12.80,1.39,drive,26.75,front,LIDAR_ONLY
0,58.5349,t253,LIDAR_ONLY,20.6908,20.6908,,,,,,,,12.80,1.39,drive,27.81,front,LIDAR_ONLY
0,58.5349,t253,LIDAR_ONLY,19.8317,19.8317,,,,,,,,12.80,1.39,drive,29.27,front,LIDAR_ONLY
0,58.5954,cam_8,CAM_ONLY,48.2988,,51.0446,2.7458,,5.3792,,0,,12.85,3.82,safe,14.67,,CAMERA_ONLY
0,58.5954,t253,LIDAR_ONLY,19.9331,19.9331,,,,,,,,12.85,3.82,drive,26.89,front,LIDAR_ONLY
0,58.5954,t253,LIDAR_ONLY,19.9848,19.9848,,,,,,,,12.85,3.82,drive,28.25,front,LIDAR_ONLY
0,58.5954,t253,LIDAR_ONLY,19.5983,19.5983,,,,,,,,12.85,3.82,drive,29.89,front,LIDAR_ONLY
0,58.6647,cam_8,CAM_ONLY,47.2020,,51.0018,3.7997,,7.4502,,0,,20.36,3.80,safe,14.79,,CAMERA_ONLY
0,58.7405,cam_8,CAM_ONLY,48.5233,,50.9297,2.4064,,4.7249,,0,,21.90,3.43,safe,15.00,,CAMERA_ONLY
0,58.7405,t253,LIDAR_ONLY,19.6698,19.6698,,,,,,,,21.90,3.43,drive,27.97,front,LIDAR_ONLY
0,58.7405,t253,LIDAR_ONLY,19.7596,19.7596,,,,,,,,21.90,3.43,drive,29.64,front,LIDAR_ONLY
0,58.8813,t253,LIDAR_ONLY,19.8543,19.8543,,,,,,,,12.73,1.37,drive,28.89,front,LIDAR_ONLY
0,59.1317,t264,LIDAR_ONLY,22.0307,22.0307,,,,,,,,15.91,1.36,drive,28.07,front,LIDAR_ONLY
0,59.1317,t264,LIDAR_ONLY,21.1281,21.1281,,,,,,,,15.91,1.36,drive,29.06,front,LIDAR_ONLY
0,59.1317,t267,LIDAR_ONLY,20.9314,20.9314,,,,,,,,15.91,1.36,drive,-29.93,front,LIDAR_ONLY
0,59.3974,t273,LIDAR_ONLY,20.5008,20.5008,,,,,,,,18.92,6.96,drive,28.69,front,LIDAR_ONLY
0,59.5671,cam_9,CAM_ONLY,50.0405,,50.7090,0.6685,,1.3183,,1,,9.94,1.98,safe,13.49,,CAMERA_ONLY
0,59.6212,cam_9,CAM_ONLY,48.0514,,50.8381,2.7867,,5.4816,,0,,9.80,1.92,safe,1.03,,CAMERA_ONLY
0,59.6212,cam_9,CAM_ONLY,49.6455,,50.8381,1.1926,,2.3458,,0,,9.80,1.92,safe,12.55,,CAMERA_ONLY
0,59.6891,t279,LIDAR_ONLY,22.3012,22.3012,,,,,,,,13.65,3.11,drive,22.98,front,LIDAR_ONLY
0,59.6891,t279,LIDAR_ONLY,20.3175,20.3175,,,,,,,,13.65,3.11,drive,25.36,front,LIDAR_ONLY
0,59.6891,t279,LIDAR_ONLY,19.5553,19.5553,,,,,,,,13.65,3.11,drive,26.68,front,LIDAR_ONLY
0,59.6891,t279,LIDAR_ONLY,19.8016,19.8016,,,,,,,,13.65,3.11,drive,21.81,front,LIDAR_ONLY
0,59.6891,t279,LIDAR_ONLY,19.9758,19.9758,,,,,,,,13.65,3.11,drive,24.43,front,LIDAR_ONLY
0,59.9356,t283,LIDAR_ONLY,28.8972,28.8972,,,,,,,,13.16,1.47,drive,-23.72,front,LIDAR_ONLY
0,59.9356,t285,LIDAR_ONLY,22.5042,22.5042,,,,,,,,13.16,1.47,drive,20.16,front,LIDAR_ONLY
0,59.9356,t285,LIDAR_ONLY,20.7673,20.7673,,,,,,,,13.16,1.47,drive,22.12,front,LIDAR_ONLY
0,59.9356,t285,LIDAR_ONLY,20.3627,20.3627,,,,,,,,13.16,1.47,drive,23.87,front,LIDAR_ONLY
0,60.1339,t283,LIDAR_ONLY,28.6084,28.6084,,,,,,,,15.12,1.10,drive,-23.91,front,LIDAR_ONLY
0,60.3932,t293,LIDAR_ONLY,21.2214,21.2214,,,,,,,,18.56,2.33,drive,23.25,front,LIDAR_ONLY
0,60.3932,t293,LIDAR_ONLY,20.6781,20.6781,,,,,,,,18.56,2.33,drive,24.06,front,LIDAR_ONLY
0,60.3932,t293,LIDAR_ONLY,19.7322,19.7322,,,,,,,,18.56,2.33,drive,25.42,front,LIDAR_ONLY
0,60.6458,t302,LIDAR_ONLY,19.2576,19.2576,,,,,,,,18.26,6.17,drive,26.40,front,LIDAR_ONLY
0,60.6458,t302,LIDAR_ONLY,19.4648,19.4648,,,,,,,,18.26,6.17,drive,25.07,front,LIDAR_ONLY
0,60.6458,t302,LIDAR_ONLY,19.6136,19.6136,,,,,,,,18.26,6.17,drive,25.66,front,LIDAR_ONLY
0,60.7796,t303,LIDAR_ONLY,26.0324,26.0324,,,,,,,,9.97,1.38,drive,-23.15,front,LIDAR_ONLY
0,60.8491,t302,LIDAR_ONLY,19.6662,19.6662,,,,,,,,18.23,5.71,drive,26.82,front,LIDAR_ONLY
0,60.9187,cam_10,CAM_ONLY,44.9559,,41.5618,3.3941,,8.1663,,0,,12.15,1.97,safe,14.04,,CAMERA_ONLY
0,60.9187,cam_10,CAM_ONLY,45.8246,,41.5618,4.2627,,10.2564,,0,,12.15,1.97,safe,1.25,,CAMERA_ONLY
0,61.0286,t308,LIDAR_ONLY,25.2286,25.2286,,,,,,,,10.52,1.32,drive,-23.47,front,LIDAR_ONLY
0,61.1009,t313,LIDAR_ONLY,19.2763,19.2763,,,,,,,,16.60,7.59,drive,27.76,front,LIDAR_ONLY
0,61.1009,t313,LIDAR_ONLY,19.4332,19.4332,,,,,,,,16.60,7.59,drive,27.05,front,LIDAR_ONLY
0,61.1811,t308,LIDAR_ONLY,25.0113,25.0113,,,,,,,,23.93,1.69,drive,-24.16,front,LIDAR_ONLY
0,61.1811,t308,LIDAR_ONLY,24.5676,24.5676,,,,,,,,23.93,1.69,drive,-27.45,front,LIDAR_ONLY
0,61.5334,t322,LIDAR_ONLY,21.0473,21.0473,,,,,,,,17.99,1.56,drive,24.14,front,LIDAR_ONLY
0,62.2994,t338,LIDAR_ONLY,21.2172,21.2172,,,,,,,,14.44,5.69,drive,26.23,front,LIDAR_ONLY
0,62.2994,t338,LIDAR_ONLY,20.0605,20.0605,,,,,,,,14.44,5.69,drive,28.02,front,LIDAR_ONLY
0,62.4665,t338,LIDAR_ONLY,19.6848,19.6848,,,,,,,,12.24,5.68,drive,28.43,front,LIDAR_ONLY
0,62.4665,t338,LIDAR_ONLY,19.7848,19.7848,,,,,,,,12.24,5.68,drive,25.62,front,LIDAR_ONLY
0,62.5315,t340,LIDAR_ONLY,25.7527,25.7527,25.2363,0.5164,0.5164,2.0464,2.0464,1,1,15.36,1.52,drive,-9.21,front,LIDAR_ONLY
0,62.5315,t342,LIDAR_ONLY,22.7446,22.7446,,,,,,,,15.36,1.52,drive,-27.44,front,LIDAR_ONLY
0,62.5898,t338,LIDAR_ONLY,19.8901,19.8901,,,,,,,,10.12,2.48,drive,27.36,front,LIDAR_ONLY
0,62.5898,t338,LIDAR_ONLY,19.7759,19.7759,,,,,,,,10.12,2.48,drive,28.56,front,LIDAR_ONLY
0,62.6542,t338,LIDAR_ONLY,19.7965,19.7965,,,,,,,,11.40,10.35,drive,29.50,front,LIDAR_ONLY
0,62.7432,t338,LIDAR_ONLY,19.9005,19.9005,,,,,,,,10.46,3.75,drive,28.06,front,LIDAR_ONLY
0,62.8812,t350,LIDAR_ONLY,22.3814,22.3814,,,,,,,,19.95,2.88,drive,-29.91,front,LIDAR_ONLY
0,62.9403,t338,LIDAR_ONLY,20.0082,20.0082,,,,,,,,11.48,4.77,drive,24.09,front,LIDAR_ONLY
0,62.9403,t338,LIDAR_ONLY,19.9978,19.9978,,,,,,,,11.48,4.77,drive,25.66,front,LIDAR_ONLY
0,62.9403,t338,LIDAR_ONLY,19.5718,19.5718,,,,,,,,11.48,4.77,drive,27.30,front,LIDAR_ONLY
0,63.1943,t356,LIDAR_ONLY,20.2325,20.2325,,,,,,,,11.88,6.44,drive,20.31,front,LIDAR_ONLY
0,63.1943,t356,LIDAR_ONLY,19.9931,19.9931,,,,,,,,11.88,6.44,drive,21.12,front,LIDAR_ONLY
0,63.1943,t356,LIDAR_ONLY,20.1275,20.1275,,,,,,,,11.88,6.44,drive,19.33,front,LIDAR_ONLY
0,63.1943,t356,LIDAR_ONLY,19.9985,19.9985,,,,,,,,11.88,6.44,drive,21.84,front,LIDAR_ONLY
0,63.2495,t356,LIDAR_ONLY,20.0732,20.0732,,,,,,,,9.09,5.40,drive,20.08,front,LIDAR_ONLY
0,63.6394,t368,LIDAR_ONLY,20.9806,20.9806,,,,,,,,12.19,3.35,drive,23.85,front,LIDAR_ONLY
0,63.6394,t368,LIDAR_ONLY,19.8501,19.8501,,,,,,,,12.19,3.35,drive,25.88,front,LIDAR_ONLY
0,63.8923,t373,LIDAR_ONLY,22.4539,22.4539,,,,,,,,21.87,3.98,drive,24.27,front,LIDAR_ONLY
0,63.8923,t373,LIDAR_ONLY,22.0938,22.0938,,,,,,,,21.87,3.98,drive,25.33,front,LIDAR_ONLY
0,63.9492,t373,LIDAR_ONLY,21.1900,21.1900,,,,,,,,13.59,7.60,drive,25.98,front,LIDAR_ONLY
0,63.9492,t373,LIDAR_ONLY,20.8553,20.8553,,,,,,,,13.59,7.60,drive,27.56,front,LIDAR_ONLY
0,64.0822,t380,LIDAR_ONLY,24.5253,24.5253,24.1151,0.4103,0.4103,1.7013,1.7013,1,1,20.06,2.41,drive,-9.48,front,LIDAR_ONLY
0,64.1473,t373,LIDAR_ONLY,20.4085,20.4085,,,,,,,,16.49,6.10,drive,28.44,front,LIDAR_ONLY
0,64.1473,t373,LIDAR_ONLY,19.8434,19.8434,,,,,,,,16.49,6.10,drive,29.17,front,LIDAR_ONLY
0,64.6703,cam_11,CAM_ONLY,49.5560,,54.0661,4.5100,,8.3417,,0,,12.01,1.71,safe,16.99,,CAMERA_ONLY
0,64.7468,t392,LIDAR_ONLY,20.2193,20.2193,,,,,,,,14.99,6.11,drive,28.84,front,LIDAR_ONLY
0,64.8116,cam_11,CAM_ONLY,53.7449,,54.1538,0.4088,,0.7549,,1,,13.26,6.88,safe,16.74,,CAMERA_ONLY
0,64.8704,cam_11,CAM_ONLY,52.7357,,54.2423,1.5066,,2.7776,,0,,15.96,1.71,safe,16.33,,CAMERA_ONLY
0,64.9276,cam_11,CAM_ONLY,56.1898,,54.3503,1.8395,,3.3846,,0,,10.51,1.60,safe,15.87,,CAMERA_ONLY
0,65.0016,cam_11,CAM_ONLY,54.2299,,54.5383,0.3084,,0.5656,,1,,17.03,8.72,safe,15.25,,CAMERA_ONLY
0,65.0016,t398,LIDAR_ONLY,19.8882,19.8882,,,,,,,,17.03,8.72,drive,26.97,front,LIDAR_ONLY
0,65.0833,cam_11,CAM_ONLY,53.1459,,54.7474,1.6016,,2.9254,,0,,13.31,1.76,safe,13.83,,CAMERA_ONLY
0,65.0833,t399,LIDAR_ONLY,25.2150,25.2150,24.7118,0.5032,0.5032,2.0362,2.0362,1,1,13.31,1.76,drive,-10.56,front,LIDAR_ONLY
0,65.1509,cam_11,CAM_ONLY,58.5537,,55.0087,3.5450,,6.4445,,0,,17.45,8.19,safe,13.11,,CAMERA_ONLY
0,65.2849,t403,LIDAR_ONLY,20.1427,20.1427,,,,,,,,18.85,3.43,drive,20.99,front,LIDAR_ONLY
0,65.2849,t403,LIDAR_ONLY,19.5262,19.5262,,,,,,,,18.85,3.43,cautious,21.81,front,LIDAR_ONLY
0,65.2849,t399,LIDAR_ONLY,25.2194,25.2194,24.3558,0.8635,0.8635,3.5454,3.5454,1,1,18.85,3.43,drive,-14.45,front,LIDAR_ONLY
0,65.4770,t399,LIDAR_ONLY,25.2388,25.2388,24.4591,0.7796,0.7796,3.1874,3.1874,1,1,12.73,2.83,drive,-14.30,front,LIDAR_ONLY
0,65.7406,t413,LIDAR_ONLY,21.1913,21.1913,,,,,,,,11.09,3.71,drive,24.67,front,LIDAR_ONLY
0,65.7406,t413,LIDAR_ONLY,20.0149,20.0149,,,,,,,,11.09,3.71,drive,25.88,front,LIDAR_ONLY
0,65.7406,t413,LIDAR_ONLY,19.4041,19.4041,,,,,,,,11.09,3.71,drive,27.52,front,LIDAR_ONLY
0,65.7406,t413,LIDAR_ONLY,18.9622,18.9622,,,,,,,,11.09,3.71,drive,28.42,front,LIDAR_ONLY
0,65.7406,t413,LIDAR_ONLY,18.9338,18.9338,,,,,,,,11.09,3.71,drive,26.93,front,LIDAR_ONLY
0,65.9328,t413,LIDAR_ONLY,19.1066,19.1066,,,,,,,,17.76,1.99,drive,24.94,front,LIDAR_ONLY
0,65.9328,t413,LIDAR_ONLY,19.2865,19.2865,,,,,,,,17.76,1.99,drive,26.41,front,LIDAR_ONLY
0,65.9328,t413,LIDAR_ONLY,19.5050,19.5050,,,,,,,,17.76,1.99,drive,27.66,front,LIDAR_ONLY
0,65.9328,t420,LIDAR_ONLY,23.3329,23.3329,,,,,,,,17.76,1.99,drive,-27.58,front,LIDAR_ONLY
0,65.9328,t421,LIDAR_ONLY,25.6962,25.6962,25.2160,0.4802,0.4802,1.9045,1.9045,1,1,17.76,1.99,drive,-9.71,front,LIDAR_ONLY
0,66.0830,t413,LIDAR_ONLY,19.8645,19.8645,,,,,,,,15.03,1.23,drive,25.78,front,LIDAR_ONLY
0,66.0830,t421,LIDAR_ONLY,25.7267,25.7267,25.4637,0.2630,0.2630,1.0329,1.0329,1,1,15.03,1.23,drive,-9.51,front,LIDAR_ONLY
0,66.3900,t431,LIDAR_ONLY,21.4854,21.4854,,,,,,,,9.53,3.08,drive,22.73,front,LIDAR_ONLY
0,66.3900,t431,LIDAR_ONLY,21.2031,21.2031,,,,,,,,9.53,3.08,drive,24.26,front,LIDAR_ONLY
0,66.3900,t431,LIDAR_ONLY,20.9587,20.9587,,,,,,,,9.53,3.08,drive,24.75,front,LIDAR_ONLY
0,66.3900,t431,LIDAR_ONLY,20.6465,20.6465,,,,,,,,9.53,3.08,drive,26.48,front,LIDAR_ONLY
0,66.5881,t435,LIDAR_ONLY,31.5276,31.5276,,,,,,,,10.77,2.66,drive,-18.46,front,LIDAR_ONLY
0,66.7919,t443,LIDAR_ONLY,22.4337,22.4337,58.2144,35.7807,35.7807,61.4637,61.4637,0,0,15.98,3.65,drive,23.65,front,LIDAR_ONLY
0,66.7919,t443,LIDAR_ONLY,21.4399,21.4399,58.2144,36.7745,36.7745,63.1707,63.1707,0,0,15.98,3.65,drive,25.24,front,LIDAR_ONLY
0,66.7919,t443,LIDAR_ONLY,20.8273,20.8273,58.2144,37.3872,37.3872,64.2232,64.2232,0,0,15.98,3.65,drive,26.20,front,LIDAR_ONLY
0,66.7919,t443,LIDAR_ONLY,20.8404,20.8404,58.2144,37.3740,37.3740,64.2007,64.2007,0,0,15.98,3.65,drive,24.48,front,LIDAR_ONLY
0,66.9879,t443,LIDAR_ONLY,20.7080,20.7080,,,,,,,,14.27,2.17,drive,26.24,front,LIDAR_ONLY
0,66.9879,t443,LIDAR_ONLY,19.6063,19.6063,,,,,,,,14.27,2.17,drive,28.32,front,LIDAR_ONLY
0,66.9879,t446,LIDAR_ONLY,26.4062,26.4062,26.0508,0.3554,0.3554,1.3644,1.3644,1,1,14.27,2.17,drive,-8.35,front,LIDAR_ONLY
0,67.2418,t455,LIDAR_ONLY,23.9151,23.9151,60.0876,36.1724,36.1724,60.1995,60.1995,0,0,17.12,4.51,drive,24.45,front,LIDAR_ONLY
0,67.2418,t455,LIDAR_ONLY,22.5580,22.5580,60.0876,37.5295,37.5295,62.4581,62.4581,0,0,17.12,4.51,drive,26.19,front,LIDAR_ONLY
0,67.2418,t455,LIDAR_ONLY,21.7060,21.7060,60.0876,38.3815,38.3815,63.8760,63.8760,0,0,17.12,4.51,drive,27.52,front,LIDAR_ONLY
0,67.2418,t455,LIDAR_ONLY,20.7847,20.7847,60.0876,39.3029,39.3029,65.4093,65.4093,0,0,17.12,4.51,drive,28.87,front,LIDAR_ONLY
0,67.2418,t455,LIDAR_ONLY,20.8251,20.8251,60.0876,39.2625,39.2625,65.3421,65.3421,0,0,17.12,4.51,drive,25.27,front,LIDAR_ONLY
0,67.3785,t459,LIDAR_ONLY,28.1887,28.1887,,,,,,,,13.14,1.75,drive,-18.18,front,LIDAR_ONLY
0,67.4479,t455,LIDAR_ONLY,20.7324,20.7324,61.0221,40.2897,40.2897,66.0247,66.0247,0,0,12.24,7.34,drive,25.36,front,LIDAR_ONLY
0,67.4479,t455,LIDAR_ONLY,20.1275,20.1275,61.0221,40.8946,40.8946,67.0161,67.0161,0,0,12.24,7.34,drive,29.07,front,LIDAR_ONLY
0,67.4479,t455,LIDAR_ONLY,20.1707,20.1707,61.0221,40.8514,40.8514,66.9453,66.9453,0,0,12.24,7.34,drive,27.16,front,LIDAR_ONLY
0,67.5371,t455,LIDAR_ONLY,20.5580,20.5580,,,,,,,,13.54,1.74,drive,25.63,front,LIDAR_ONLY
0,67.5371,t455,LIDAR_ONLY,20.5850,20.5850,,,,,,,,13.54,1.74,drive,28.10,front,LIDAR_ONLY
0,67.5371,t462,LIDAR_ONLY,27.1577,27.1577,26.8876,0.2702,0.2702,1.0048,1.0048,1,1,13.54,1.74,drive,-5.92,front,LIDAR_ONLY
0,67.7312,t468,LIDAR_ONLY,26.9632,26.9632,,,,,,,,13.36,1.31,drive,-19.72,front,LIDAR_ONLY
0,67.7907,cam_12,CAM_ONLY,36.5346,,43.3469,6.8123,,15.7159,,0,,11.30,2.43,safe,3.22,,CAMERA_ONLY
0,67.7907,t472,LIDAR_ONLY,20.9932,20.9932,,,,,,,,11.30,2.43,drive,26.38,front,LIDAR_ONLY
0,67.7907,t472,LIDAR_ONLY,20.2698,20.2698,,,,,,,,11.30,2.43,drive,28.62,front,LIDAR_ONLY
0,68.1368,t483,LIDAR_ONLY,19.4622,19.4622,65.6373,46.1751,46.1751,70.3489,70.3489,0,0,9.73,1.63,drive,22.28,front,LIDAR_ONLY
0,68.1368,t484,LIDAR_ONLY,27.9757,27.9757,27.3679,0.6078,0.6078,2.2208,2.2208,1,1,9.73,1.63,drive,-11.12,front,LIDAR_ONLY
0,68.5808,t493,LIDAR_ONLY,23.7518,23.7518,,,,,,,,12.76,1.19,drive,-28.14,front,LIDAR_ONLY
0,68.5808,t495,LIDAR_ONLY,28.1321,28.1321,27.6072,0.5249,0.5249,1.9014,1.9014,1,1,12.76,1.19,drive,-9.48,front,LIDAR_ONLY
0,68.9780,t506,LIDAR_ONLY,22.1860,22.1860,,,,,,,,14.43,1.50,drive,-28.95,front,LIDAR_ONLY
0,69.0465,cam_13,CAM_ONLY,48.4379,,45.1464,3.2916,,7.2909,,0,,16.22,6.33,safe,3.13,,CAMERA_ONLY
0,69.0465,t510,LIDAR_ONLY,19.2166,19.2166,,,,,,,,16.22,6.33,drive,26.92,front,LIDAR_ONLY
0,69.0465,t510,LIDAR_ONLY,19.3243,19.3243,,,,,,,,16.22,6.33,drive,26.33,front,LIDAR_ONLY
0,69.0465,t510,LIDAR_ONLY,19.1888,19.1888,,,,,,,,16.22,6.33,drive,27.54,front,LIDAR_ONLY
0,69.1133,cam_13,CAM_ONLY,49.3188,,45.2916,4.0273,,8.8919,,0,,12.56,7.72,safe,3.44,,CAMERA_ONLY
0,69.1754,t506,LIDAR_ONLY,21.8038,21.8038,,,,,,,,12.45,1.99,drive,-29.59,front,LIDAR_ONLY
0,69.2360,t506,LIDAR_ONLY,21.6685,21.6685,,,,,,,,11.85,1.31,drive,-29.75,front,LIDAR_ONLY
0,69.8840,t526,LIDAR_ONLY,19.5772,19.5772,,,,,,,,11.32,1.90,drive,21.48,front,LIDAR_ONLY
0,69.8840,t526,LIDAR_ONLY,18.0666,18.0666,,,,,,,,11.32,1.90,cautious,23.52,front,LIDAR_ONLY
0,70.0945,t526,LIDAR_ONLY,18.1968,18.1968,72.8596,54.6628,54.6628,75.0248,75.0248,0,0,18.69,2.50,cautious,23.03,front,LIDAR_ONLY
0,70.0945,t526,LIDAR_ONLY,18.0501,18.0501,72.8596,54.8095,54.8095,75.2262,75.2262,0,0,18.69,2.50,cautious,24.75,front,LIDAR_ONLY
0,70.0945,t526,LIDAR_ONLY,18.1091,18.1091,72.8596,54.7506,54.7506,75.1453,75.1453,0,0,18.69,2.50,cautious,21.94,front,LIDAR_ONLY
0,70.2961,t526,LIDAR_ONLY,18.2113,18.2113,,,,,,,,13.51,4.75,cautious,23.15,front,LIDAR_ONLY
0,70.2961,t526,LIDAR_ONLY,18.4514,18.4514,,,,,,,,13.51,4.75,cautious,24.47,front,LIDAR_ONLY
0,70.2961,t526,LIDAR_ONLY,18.5444,18.5444,,,,,,,,13.51,4.75,cautious,25.69,front,LIDAR_ONLY
0,70.4244,t538,LIDAR_ONLY,22.9333,22.9333,,,,,,,,13.50,2.22,drive,-28.87,front,LIDAR_ONLY
0,70.5395,t541,LIDAR_ONLY,19.6297,19.6297,,,,,,,,14.98,3.10,drive,25.95,front,LIDAR_ONLY
0,70.5395,t541,LIDAR_ONLY,19.3695,19.3695,,,,,,,,14.98,3.10,drive,27.37,front,LIDAR_ONLY
0,70.8031,cam_14,CAM_ONLY,51.5007,,49.3814,2.1193,,4.2917,,0,,12.52,8.82,safe,4.73,,CAMERA_ONLY
0,71.1070,cam_14,CAM_ONLY,51.8982,,50.2125,1.6857,,3.3571,,0,,21.16,9.81,safe,5.62,,CAMERA_ONLY
0,71.2666,cam_14,CAM_ONLY,51.0185,,50.7071,0.3114,,0.6142,,1,,22.16,11.43,safe,5.27,,CAMERA_ONLY
0,71.3361,cam_14,CAM_ONLY,51.4410,,50.8723,0.5687,,1.1180,,1,,13.59,2.32,safe,4.87,,CAMERA_ONLY
0,71.5001,cam_14,CAM_ONLY,51.8985,,51.3715,0.5270,,1.0259,,1,,19.00,7.84,safe,3.22,,CAMERA_ONLY
0,71.5001,t558,LIDAR_ONLY,20.0780,20.0780,,,,,,,,19.00,7.84,drive,24.21,front,LIDAR_ONLY
0,71.5001,t558,LIDAR_ONLY,18.7808,18.7808,,,,,,,,19.00,7.84,drive,26.20,front,LIDAR_ONLY
0,71.5660,cam_14,CAM_ONLY,52.5571,,51.5387,1.0184,,1.9761,,0,,18.72,3.05,safe,2.19,,CAMERA_ONLY
0,71.6235,cam_14,CAM_ONLY,50.4805,,51.6684,1.1879,,2.2991,,0,,9.31,2.03,safe,1.03,,CAMERA_ONLY
0,71.6785,cam_14,CAM_ONLY,52.0403,,51.7549,0.2853,,0.5513,,1,,11.84,1.50,safe,0.76,,CAMERA_ONLY
0,72.2341,t574,LIDAR_ONLY,19.8488,19.8488,,,,,,,,14.43,1.13,drive,26.26,front,LIDAR_ONLY
0,72.4342,t579,LIDAR_ONLY,41.9439,41.9439,37.0551,4.8888,4.8888,13.1933,13.1933,0,0,11.80,1.81,drive,-7.09,front,LIDAR_ONLY
0,72.5805,t582,LIDAR_ONLY,18.6839,18.6839,,,,,,,,13.40,1.21,drive,28.47,front,LIDAR_ONLY
0,72.7683,cam_15,CAM_ONLY,53.3923,,54.2780,0.8857,,1.6317,,1,,14.83,2.03,safe,6.51,,CAMERA_ONLY
0,72.8321,cam_15,CAM_ONLY,53.1327,,54.4693,1.3366,,2.4538,,0,,11.77,1.71,safe,6.60,,CAMERA_ONLY
0,72.8321,t591,LIDAR_ONLY,20.0725,20.0725,,,,,,,,11.77,1.71,drive,28.02,front,LIDAR_ONLY
0,72.8321,t591,LIDAR_ONLY,19.4707,19.4707,,,,,,,,11.77,1.71,drive,29.57,front,LIDAR_ONLY
0,72.9240,cam_15,CAM_ONLY,52.1301,,54.7421,2.6120,,4.7714,,0,,24.03,6.16,safe,6.73,,CAMERA_ONLY
0,72.9838,cam_15,CAM_ONLY,52.2688,,54.8974,2.6286,,4.7882,,0,,13.28,1.83,safe,6.82,,CAMERA_ONLY
0,73.0613,cam_15,CAM_ONLY,54.1423,,55.1655,1.0232,,1.8548,,0,,12.16,5.30,safe,6.64,,CAMERA_ONLY
0,73.1280,cam_15,CAM_ONLY,51.5279,,55.3614,3.8335,,6.9246,,0,,11.40,1.99,safe,6.46,,CAMERA_ONLY
0,73.1918,cam_15,CAM_ONLY,54.0828,,55.5811,1.4983,,2.6958,,0,,11.74,2.99,safe,6.20,,CAMERA_ONLY
0,73.1918,t599,LIDAR_ONLY,19.7515,19.7515,,,,,,,,11.74,2.99,drive,27.82,front,LIDAR_ONLY
0,73.3851,t599,LIDAR_ONLY,19.7671,19.7671,,,,,,,,18.00,1.87,drive,25.43,front,LIDAR_ONLY
0,73.3851,t599,LIDAR_ONLY,19.3553,19.3553,,,,,,,,18.00,1.87,drive,26.80,front,LIDAR_ONLY
0,73.4547,cam_15,CAM_ONLY,55.7213,,56.2066,0.4853,,0.8635,,1,,17.63,9.04,safe,3.22,,CAMERA_ONLY
0,73.5832,t608,LIDAR_ONLY,37.4922,37.4922,,,,,,,,13.16,1.49,drive,-16.12,front,LIDAR_ONLY
0,73.5832,t599,LIDAR_ONLY,15.9612,15.9612,,,,,,,,13.16,1.49,cautious,27.62,front,LIDAR_ONLY
0,73.5832,t599,LIDAR_ONLY,16.1085,16.1085,,,,,,,,13.16,1.49,cautious,21.18,front,LIDAR_ONLY
0,73.5832,t599,LIDAR_ONLY,16.2223,16.2223,,,,,,,,13.16,1.49,cautious,22.80,front,LIDAR_ONLY
0,73.6400,t608,LIDAR_ONLY,37.3898,37.3898,,,,,,,,10.01,2.08,drive,-16.29,front,LIDAR_ONLY
0,73.6400,t599,LIDAR_ONLY,16.3038,16.3038,,,,,,,,10.01,2.08,cautious,21.26,front,LIDAR_ONLY
0,73.6400,t599,LIDAR_ONLY,16.3719,16.3719,,,,,,,,10.01,2.08,cautious,22.55,front,LIDAR_ONLY
0,73.7023,cam_15,CAM_ONLY,51.6859,,55.8908,4.2050,,7.5235,,0,,12.98,10.02,safe,-0.22,,CAMERA_ONLY
0,73.8831,t619,LIDAR_ONLY,18.9657,18.9657,,,,,,,,12.12,1.87,drive,24.06,front,LIDAR_ONLY
0,74.0915,t619,LIDAR_ONLY,19.3170,19.3170,,,,,,,,16.94,1.66,drive,24.19,front,LIDAR_ONLY
0,74.0915,t619,LIDAR_ONLY,19.4933,19.4933,,,,,,,,16.94,1.66,drive,25.61,front,LIDAR_ONLY
0,74.0915,t619,LIDAR_ONLY,19.4080,19.4080,,,,,,,,16.94,1.66,drive,26.61,front,LIDAR_ONLY
0,74.0915,t619,LIDAR_ONLY,18.8098,18.8098,,,,,,,,16.94,1.66,drive,28.14,front,LIDAR_ONLY
0,74.3339,cam_16,CAM_ONLY,50.8745,,54.2909,3.4164,,6.2928,,0,,11.73,1.80,safe,3.17,,CAMERA_ONLY
0,74.3339,t630,LIDAR_ONLY,20.2694,20.2694,,,,,,,,11.73,1.80,drive,26.09,front,LIDAR_ONLY
0,74.3916,t630,LIDAR_ONLY,20.4167,20.4167,,,,,,,,12.49,2.51,drive,24.72,front,LIDAR_ONLY
0,74.3916,t630,LIDAR_ONLY,20.5461,20.5461,,,,,,,,12.49,2.51,drive,25.59,front,LIDAR_ONLY
0,74.3916,t630,LIDAR_ONLY,20.5797,20.5797,,,,,,,,12.49,2.51,drive,26.63,front,LIDAR_ONLY
0,74.6909,t638,LIDAR_ONLY,21.2452,21.2452,,,,,,,,16.66,3.24,drive,26.66,front,LIDAR_ONLY
0,74.6909,t638,LIDAR_ONLY,20.2871,20.2871,,,,,,,,16.66,3.24,drive,28.05,front,LIDAR_ONLY
0,74.6909,t638,LIDAR_ONLY,20.2877,20.2877,,,,,,,,16.66,3.24,drive,27.33,front,LIDAR_ONLY
0,74.9832,t647,LIDAR_ONLY,21.7682,21.7682,,,,,,,,13.25,2.16,drive,26.25,front,LIDAR_ONLY
0,74.9832,t647,LIDAR_ONLY,19.7958,19.7958,,,,,,,,13.25,2.16,drive,28.40,front,LIDAR_ONLY
0,74.9832,t647,LIDAR_ONLY,19.1993,19.1993,,,,,,,,13.25,2.16,drive,29.92,front,LIDAR_ONLY
0,75.0398,t647,LIDAR_ONLY,19.4976,19.4976,,,,,,,,11.44,3.32,drive,24.85,front,LIDAR_ONLY
0,75.0398,t647,LIDAR_ONLY,19.7786,19.7786,,,,,,,,11.44,3.32,drive,25.90,front,LIDAR_ONLY
0,75.0398,t647,LIDAR_ONLY,19.9391,19.9391,,,,,,,,11.44,3.32,drive,26.62,front,LIDAR_ONLY
0,75.1144,cam_17,CAM_ONLY,54.5071,,53.0981,1.4090,,2.6536,,0,,16.11,7.34,safe,3.04,,CAMERA_ONLY
0,75.1903,t647,LIDAR_ONLY,20.3344,20.3344,,,,,,,,17.39,3.24,drive,23.76,front,LIDAR_ONLY
0,75.1903,t647,LIDAR_ONLY,20.8468,20.8468,,,,,,,,17.39,3.24,drive,24.93,front,LIDAR_ONLY
0,75.1903,t647,LIDAR_ONLY,20.6654,20.6654,,,,,,,,17.39,3.24,drive,26.81,front,LIDAR_ONLY
0,75.1903,t647,LIDAR_ONLY,18.4200,18.4200,,,,,,,,17.39,3.24,cautious,29.69,front,LIDAR_ONLY
0,75.1903,t647,LIDAR_ONLY,18.3183,18.3183,,,,,,,,17.39,3.24,cautious,24.15,front,LIDAR_ONLY
0,75.2584,cam_17,CAM_ONLY,50.4699,,52.8556,2.3857,,4.5137,,0,,14.76,8.70,safe,1.12,,CAMERA_ONLY
0,75.4340,t659,LIDAR_ONLY,30.3166,30.3166,,,,,,,,14.66,1.75,drive,-21.40,front,LIDAR_ONLY
0,75.4340,t661,LIDAR_ONLY,22.0138,22.0138,,,,,,,,14.66,1.75,drive,21.50,front,LIDAR_ONLY
0,75.4340,t661,LIDAR_ONLY,21.4627,21.4627,,,,,,,,14.66,1.75,drive,22.32,front,LIDAR_ONLY
0,75.4340,t661,LIDAR_ONLY,19.9232,19.9232,,,,,,,,14.66,1.75,drive,24.28,front,LIDAR_ONLY
0,75.4340,t661,LIDAR_ONLY,19.6421,19.6421,,,,,,,,14.66,1.75,drive,25.57,front,LIDAR_ONLY
0,75.5026,t661,LIDAR_ONLY,19.3938,19.3938,,,,,,,,14.24,10.34,drive,24.66,front,LIDAR_ONLY
0,75.5026,t661,LIDAR_ONLY,19.4021,19.4021,,,,,,,,14.24,10.34,drive,21.42,front,LIDAR_ONLY
0,75.7003,t661,LIDAR_ONLY,19.3931,19.3931,,,,,,,,10.38,6.69,drive,25.29,front,LIDAR_ONLY
0,76.0855,t673,LIDAR_ONLY,19.2286,19.2286,73.7914,54.5628,54.5628,73.9420,73.9420,0,0,17.14,2.86,drive,27.58,front,LIDAR_ONLY
0,76.3278,t678,LIDAR_ONLY,26.7658,26.7658,,,,,,,,12.47,1.97,drive,-21.24,front,LIDAR_ONLY
0,76.3278,t678,LIDAR_ONLY,25.3110,25.3110,,,,,,,,12.47,1.97,drive,-28.26,front,LIDAR_ONLY
0,76.5396,t685,LIDAR_ONLY,20.7560,20.7560,71.8179,51.0618,51.0618,71.0990,71.0990,0,0,13.01,2.80,drive,27.47,front,LIDAR_ONLY
0,76.6795,t687,LIDAR_ONLY,25.4505,25.4505,,,,,,,,16.64,1.56,drive,-23.26,front,LIDAR_ONLY
0,76.7400,t685,LIDAR_ONLY,20.8218,20.8218,71.6240,50.8022,50.8022,70.9291,70.9291,0,0,12.46,4.60,drive,26.33,front,LIDAR_ONLY
0,76.7400,t685,LIDAR_ONLY,20.8472,20.8472,71.6240,50.7768,50.7768,70.8936,70.8936,0,0,12.46,4.60,drive,26.91,front,LIDAR_ONLY
0,76.8855,t687,LIDAR_ONLY,25.0669,25.0669,,,,,,,,15.22,1.24,drive,-26.54,front,LIDAR_ONLY
0,77.0304,t687,LIDAR_ONLY,24.6400,24.6400,,,,,,,,13.56,1.38,drive,-29.85,front,LIDAR_ONLY
0,77.0901,t693,LIDAR_ONLY,18.8926,18.8926,72.6947,53.8020,53.8020,74.0110,74.0110,0,0,10.73,2.66,cautious,23.12,front,LIDAR_ONLY
0,77.0901,t693,LIDAR_ONLY,19.0849,19.0849,72.6947,53.6098,53.6098,73.7465,73.7465,0,0,10.73,2.66,cautious,21.85,front,LIDAR_ONLY
0,77.4804,t704,LIDAR_ONLY,21.1622,21.1622,70.0748,48.9127,48.9127,69.8006,69.8006,0,0,11.68,1.35,drive,24.04,front,LIDAR_ONLY
0,77.5485,t704,LIDAR_ONLY,18.5139,18.5139,69.6433,51.1294,51.1294,73.4161,73.4161,0,0,16.16,8.10,drive,27.77,front,LIDAR_ONLY
0,77.9845,t718,LIDAR_ONLY,20.5998,20.5998,72.8304,52.2306,52.2306,71.7153,71.7153,0,0,17.14,1.64,drive,26.67,front,LIDAR_ONLY
0,77.9845,t718,LIDAR_ONLY,19.7588,19.7588,72.8304,53.0717,53.0717,72.8702,72.8702,0,0,17.14,1.64,drive,28.08,front,LIDAR_ONLY
0,77.9845,t718,LIDAR_ONLY,19.4697,19.4697,72.8304,53.3608,53.3608,73.2671,73.2671,0,0,17.14,1.64,drive,28.96,front,LIDAR_ONLY
0,78.2824,t726,LIDAR_ONLY,23.3936,23.3936,66.6518,43.2582,43.2582,64.9018,64.9018,0,0,14.39,1.77,drive,24.84,front,LIDAR_ONLY
0,78.2824,t726,LIDAR_ONLY,21.1604,21.1604,66.6518,45.4914,45.4914,68.2524,68.2524,0,0,14.39,1.77,drive,26.98,front,LIDAR_ONLY
0,78.5410,t732,LIDAR_ONLY,23.5581,23.5581,69.6651,46.1070,46.1070,66.1838,66.1838,0,0,12.53,3.99,drive,22.24,front,LIDAR_ONLY
0,78.5410,t732,LIDAR_ONLY,20.0120,20.0120,69.6651,49.6530,49.6530,71.2739,71.2739,0,0,12.53,3.99,drive,25.61,front,LIDAR_ONLY
0,78.8356,t744,LIDAR_ONLY,22.9345,22.9345,66.7518,43.8173,43.8173,65.6421,65.6421,0,0,13.26,2.53,drive,19.63,front,LIDAR_ONLY
0,78.8356,t744,LIDAR_ONLY,19.8044,19.8044,66.7518,46.9474,46.9474,70.3313,70.3313,0,0,13.26,2.53,drive,22.94,front,LIDAR_ONLY
0,78.8356,t744,LIDAR_ONLY,18.7681,18.7681,66.7518,47.9837,47.9837,71.8838,71.8838,0,0,13.26,2.53,cautious,25.90,front,LIDAR_ONLY
0,78.8356,t744,LIDAR_ONLY,18.8083,18.8083,66.7518,47.9435,47.9435,71.8236,71.8236,0,0,13.26,2.53,cautious,20.93,front,LIDAR_ONLY
0,79.0318,t744,LIDAR_ONLY,18.9820,18.9820,64.7447,45.7627,45.7627,70.6817,70.6817,0,0,12.50,1.30,cautious,22.28,front,LIDAR_ONLY
0,79.0318,t744,LIDAR_ONLY,18.9165,18.9165,64.7447,45.8282,45.8282,70.7830,70.7830,0,0,12.50,1.30,cautious,23.88,front,LIDAR_ONLY
0,79.0318,t744,LIDAR_ONLY,18.8336,18.8336,64.7447,45.9111,45.9111,70.9110,70.9110,0,0,12.50,1.30,drive,26.11,front,LIDAR_ONLY
0,79.0827,t744,LIDAR_ONLY,19.2073,19.2073,65.0326,45.8253,45.8253,70.4652,70.4652,0,0,10.47,1.54,drive,24.18,front,LIDAR_ONLY
0,79.0827,t744,LIDAR_ONLY,19.2379,19.2379,65.0326,45.7947,45.7947,70.4180,70.4180,0,0,10.47,1.54,drive,26.61,front,LIDAR_ONLY
0,79.0827,t744,LIDAR_ONLY,18.7910,18.7910,65.0326,46.2416,46.2416,71.1053,71.1053,0,0,10.47,1.54,drive,22.84,front,LIDAR_ONLY
0,80.0358,t777,LIDAR_ONLY,19.6869,19.6869,60.6843,40.9974,40.9974,67.5585,67.5585,0,0,11.70,1.38,drive,26.95,front,LIDAR_ONLY
0,80.0358,t777,LIDAR_ONLY,19.8565,19.8565,60.6843,40.8278,40.8278,67.2790,67.2790,0,0,11.70,1.38,drive,24.14,front,LIDAR_ONLY
0,80.2280,t786,LIDAR_ONLY,23.6776,23.6776,,,,,,,,13.57,1.45,drive,-29.89,front,LIDAR_ONLY
0,80.4532,t790,LIDAR_ONLY,24.9093,24.9093,61.1195,36.2102,36.2102,59.2450,59.2450,0,0,20.68,11.20,drive,16.93,front,LIDAR_ONLY
0,80.4532,t790,LIDAR_ONLY,22.3524,22.3524,61.1195,38.7671,38.7671,63.4284,63.4284,0,0,20.68,11.20,drive,19.13,front,LIDAR_ONLY
0,80.4532,t790,LIDAR_ONLY,21.0851,21.0851,61.1195,40.0344,40.0344,65.5019,65.5019,0,0,20.68,11.20,drive,21.17,front,LIDAR_ONLY
0,80.7452,t795,LIDAR_ONLY,20.1173,20.1173,59.5582,39.4409,39.4409,66.2224,66.2224,0,0,11.57,5.62,drive,20.45,front,LIDAR_ONLY
0,80.7452,t795,LIDAR_ONLY,19.5897,19.5897,59.5582,39.9685,39.9685,67.1084,67.1084,0,0,11.57,5.62,drive,22.19,front,LIDAR_ONLY
0,80.9909,t802,LIDAR_ONLY,24.6389,24.6389,57.9342,33.2953,33.2953,57.4709,57.4709,0,0,13.47,3.92,drive,19.17,front,LIDAR_ONLY
0,80.9909,t802,LIDAR_ONLY,20.7747,20.7747,57.9342,37.1595,37.1595,64.1408,64.1408,0,0,13.47,3.92,drive,22.99,front,LIDAR_ONLY
0,80.9909,t802,LIDAR_ONLY,20.8328,20.8328,57.9342,37.1014,37.1014,64.0406,64.0406,0,0,13.47,3.92,drive,21.26,front,LIDAR_ONLY
0,81.2511,t812,LIDAR_ONLY,18.6992,18.6992,56.4285,37.7293,37.7293,66.8621,66.8621,0,0,18.65,9.61,drive,25.05,front,LIDAR_ONLY
0,81.3835,t812,LIDAR_ONLY,16.4466,16.4466,55.8166,39.3700,39.3700,70.5346,70.5346,0,0,12.44,1.87,cautious,29.68,front,LIDAR_ONLY
0,81.3835,t812,LIDAR_ONLY,16.6436,16.6436,55.8166,39.1730,39.1730,70.1817,70.1817,0,0,12.44,1.87,cautious,23.96,front,LIDAR_ONLY
0,81.5972,t812,LIDAR_ONLY,16.9609,16.9609,54.8850,37.9241,37.9241,69.0975,69.0975,0,0,20.60,7.19,cautious,22.35,front,LIDAR_ONLY
0,81.5972,t812,LIDAR_ONLY,17.3373,17.3373,54.8850,37.5477,37.5477,68.4117,68.4117,0,0,20.60,7.19,cautious,24.05,front,LIDAR_ONLY
0,81.5972,t812,LIDAR_ONLY,17.6078,17.6078,54.8850,37.2772,37.2772,67.9188,67.9188,0,0,20.60,7.19,cautious,25.79,front,LIDAR_ONLY
0,81.8507,t822,LIDAR_ONLY,19.8892,19.8892,54.2448,34.3556,34.3556,63.3344,63.3344,0,0,12.00,8.23,drive,24.92,front,LIDAR_ONLY
0,81.8507,t822,LIDAR_ONLY,19.3648,19.3648,54.2448,34.8800,34.8800,64.3011,64.3011,0,0,12.00,8.23,drive,26.68,front,LIDAR_ONLY
0,81.8507,t822,LIDAR_ONLY,19.6735,19.6735,54.2448,34.5713,34.5713,63.7319,63.7319,0,0,12.00,8.23,drive,20.97,front,LIDAR_ONLY
0,82.0868,t829,LIDAR_ONLY,24.3198,24.3198,54.2565,29.9367,29.9367,55.1763,55.1763,0,0,14.61,2.73,drive,18.36,front,LIDAR_ONLY
0,82.0868,t829,LIDAR_ONLY,23.0114,23.0114,54.2565,31.2450,31.2450,57.5877,57.5877,0,0,14.61,2.73,drive,20.11,front,LIDAR_ONLY
0,82.0868,t829,LIDAR_ONLY,22.1881,22.1881,54.2565,32.0684,32.0684,59.1051,59.1051,0,0,14.61,2.73,drive,21.67,front,LIDAR_ONLY
0,82.0868,t829,LIDAR_ONLY,19.8789,19.8789,54.2565,34.3776,34.3776,63.3612,63.3612,0,0,14.61,2.73,drive,24.03,front,LIDAR_ONLY
0,82.4378,t836,LIDAR_ONLY,22.8588,22.8588,52.9495,30.0907,30.0907,56.8291,56.8291,0,0,13.24,2.38,drive,18.66,front,LIDAR_ONLY
0,82.4378,t836,LIDAR_ONLY,21.5055,21.5055,52.9495,31.4440,31.4440,59.3849,59.3849,0,0,13.24,2.38,drive,20.55,front,LIDAR_ONLY
0,82.4378,t836,LIDAR_ONLY,21.0248,21.0248,52.9495,31.9247,31.9247,60.2927,60.2927,0,0,13.24,2.38,drive,21.43,front,LIDAR_ONLY
0,82.4378,t836,LIDAR_ONLY,18.3756,18.3756,52.9495,34.5739,34.5739,65.2960,65.2960,0,0,13.24,2.38,cautious,24.61,front,LIDAR_ONLY
0,82.6865,t845,LIDAR_ONLY,21.7392,21.7392,51.3518,29.6126,29.6126,57.6661,57.6661,0,0,11.02,2.19,drive,21.32,front,LIDAR_ONLY
0,82.6865,t845,LIDAR_ONLY,21.1067,21.1067,51.3518,30.2451,30.2451,58.8978,58.8978,0,0,11.02,2.19,drive,22.46,front,LIDAR_ONLY
0,82.7406,t845,LIDAR_ONLY,21.6168,21.6168,51.0402,29.4234,29.4234,57.6475,57.6475,0,0,10.14,3.42,drive,18.96,front,LIDAR_ONLY
0,82.7406,t845,LIDAR_ONLY,21.9378,21.9378,51.0402,29.1024,29.1024,57.0186,57.0186,0,0,10.14,3.42,drive,21.11,front,LIDAR_ONLY
0,82.7406,t845,LIDAR_ONLY,21.9953,21.9953,51.0402,29.0449,29.0449,56.9060,56.9060,0,0,10.14,3.42,drive,22.75,front,LIDAR_ONLY
0,83.0869,t855,LIDAR_ONLY,25.3345,25.3345,49.1735,23.8390,23.8390,48.4794,48.4794,0,0,13.33,2.10,drive,20.41,front,LIDAR_ONLY
0,83.0869,t855,LIDAR_ONLY,24.6316,24.6316,49.1735,24.5419,24.5419,49.9088,49.9088,0,0,13.33,2.10,drive,22.42,front,LIDAR_ONLY
0,83.0869,t855,LIDAR_ONLY,23.5117,23.5117,49.1735,25.6618,25.6618,52.1862,52.1862,0,0,13.33,2.10,drive,24.43,front,LIDAR_ONLY
0,83.0869,t855,LIDAR_ONLY,22.6963,22.6963,49.1735,26.4772,26.4772,53.8444,53.8444,0,0,13.33,2.10,drive,25.53,front,LIDAR_ONLY
0,83.1424,t855,LIDAR_ONLY,21.9993,21.9993,48.9659,26.9666,26.9666,55.0721,55.0721,0,0,10.46,3.77,drive,24.60,front,LIDAR_ONLY
0,83.3877,t863,LIDAR_ONLY,21.9770,21.9770,47.8697,25.8927,25.8927,54.0899,54.0899,0,0,13.61,1.88,drive,23.78,front,LIDAR_ONLY
0,83.3877,t863,LIDAR_ONLY,21.7433,21.7433,47.8697,26.1264,26.1264,54.5781,54.5781,0,0,13.61,1.88,drive,24.61,front,LIDAR_ONLY
0,83.3877,t863,LIDAR_ONLY,20.7946,20.7946,47.8697,27.0751,27.0751,56.5600,56.5600,0,0,13.61,1.88,drive,25.71,front,LIDAR_ONLY
0,83.5955,t863,LIDAR_ONLY,21.2913,21.2913,47.0744,25.7831,25.7831,54.7710,54.7710,0,0,16.44,5.11,drive,21.62,front,LIDAR_ONLY
0,83.5955,t863,LIDAR_ONLY,21.5987,21.5987,47.0744,25.4757,25.4757,54.1180,54.1180,0,0,16.44,5.11,drive,24.24,front,LIDAR_ONLY
0,83.9870,t877,LIDAR_ONLY,24.8784,24.8784,46.7976,21.9192,21.9192,46.8383,46.8383,0,0,11.03,2.76,drive,17.31,front,LIDAR_ONLY
0,83.9870,t877,LIDAR_ONLY,23.9673,23.9673,46.7976,22.8303,22.8303,48.7852,48.7852,0,0,11.03,2.76,drive,18.78,front,LIDAR_ONLY
0,83.9870,t877,LIDAR_ONLY,22.2289,22.2289,46.7976,24.5687,24.5687,52.4998,52.4998,0,0,11.03,2.76,drive,21.12,front,LIDAR_ONLY
0,84.2398,t884,LIDAR_ONLY,23.9250,23.9250,46.1752,22.2502,22.2502,48.1865,48.1865,0,0,10.82,2.69,drive,15.69,front,LIDAR_ONLY
0,84.2398,t884,LIDAR_ONLY,22.4726,22.4726,46.1752,23.7026,23.7026,51.3318,51.3318,0,0,10.82,2.69,drive,17.81,front,LIDAR_ONLY
0,84.2398,t884,LIDAR_ONLY,21.6700,21.6700,46.1752,24.5052,24.5052,53.0701,53.0701,0,0,10.82,2.69,drive,20.02,front,LIDAR_ONLY
0,84.3030,t884,LIDAR_ONLY,21.7033,21.7033,45.6325,23.9292,23.9292,52.4390,52.4390,0,0,15.22,9.10,drive,17.44,front,LIDAR_ONLY
0,84.3030,t884,LIDAR_ONLY,21.6406,21.6406,45.6325,23.9919,23.9919,52.5763,52.5763,0,0,15.22,9.10,drive,19.19,front,LIDAR_ONLY
0,84.3030,t884,LIDAR_ONLY,20.6046,20.6046,45.6325,25.0279,25.0279,54.8467,54.8467,0,0,15.22,9.10,drive,20.12,front,LIDAR_ONLY
0,84.4403,t884,LIDAR_ONLY,20.7220,20.7220,44.5590,23.8370,23.8370,53.4953,53.4953,0,0,21.80,4.52,drive,18.11,front,LIDAR_ONLY
0,84.4403,t884,LIDAR_ONLY,20.9728,20.9728,44.5590,23.5862,23.5862,52.9325,52.9325,0,0,21.80,4.52,drive,19.68,front,LIDAR_ONLY
0,84.4403,t884,LIDAR_ONLY,21.0041,21.0041,44.5590,23.5549,23.5549,52.8623,52.8623,0,0,21.80,4.52,drive,20.96,front,LIDAR_ONLY
0,84.6865,t892,LIDAR_ONLY,23.8829,23.8829,43.0555,19.1726,19.1726,44.5300,44.5300,0,0,15.08,1.89,drive,19.72,front,LIDAR_ONLY
0,84.6865,t892,LIDAR_ONLY,22.2761,22.2761,43.0555,20.7794,20.7794,48.2619,48.2619,0,0,15.08,1.89,drive,22.16,front,LIDAR_ONLY
0,84.6865,t892,LIDAR_ONLY,19.2918,19.2918,43.0555,23.7637,23.7637,55.1931,55.1931,0,0,15.08,1.89,drive,26.14,front,LIDAR_ONLY
0,84.6865,t892,LIDAR_ONLY,19.3039,19.3039,43.0555,23.7516,23.7516,55.1651,55.1651,0,0,15.08,1.89,drive,23.28,front,LIDAR_ONLY
0,84.6865,t893,LIDAR_ONLY,28.6052,28.6052,27.5789,1.0263,1.0263,3.7214,3.7214,0,0,15.08,1.89,drive,-14.71,front,LIDAR_ONLY
0,84.6865,t892,LIDAR_ONLY,19.3171,19.3171,43.0555,23.7384,23.7384,55.1344,55.1344,0,0,15.08,1.89,drive,22.95,front,LIDAR_ONLY
0,84.8326,t893,LIDAR_ONLY,28.6099,28.6099,27.6853,0.9246,0.9246,3.3396,3.3396,1,1,12.97,1.32,drive,-14.19,front,LIDAR_ONLY
0,85.2360,t909,LIDAR_ONLY,22.8886,22.8886,40.5344,17.6457,17.6457,43.5328,43.5328,0,0,21.97,1.45,drive,22.13,front,LIDAR_ONLY
0,85.2360,t909,LIDAR_ONLY,21.6102,21.6102,40.5344,18.9241,18.9241,46.6867,46.6867,0,0,21.97,1.45,drive,24.21,front,LIDAR_ONLY
0,85.7345,t921,LIDAR_ONLY,24.3248,24.3248,39.2709,14.9461,14.9461,38.0590,38.0590,0,0,11.18,1.27,drive,17.59,front,LIDAR_ONLY
0,85.7345,t921,LIDAR_ONLY,22.9426,22.9426,39.2709,16.3283,16.3283,41.5786,41.5786,0,0,11.18,1.27,drive,21.92,front,LIDAR_ONLY
0,85.7345,t921,LIDAR_ONLY,22.9226,22.9226,39.2709,16.3483,16.3483,41.6295,41.6295,0,0,11.18,1.27,drive,18.79,front,LIDAR_ONLY
0,85.7345,t922,LIDAR_ONLY,28.6396,28.6396,27.1691,1.4705,1.4705,5.4125,5.4125,0,0,11.18,1.27,drive,-17.86,front,LIDAR_ONLY
0,85.9417,t921,LIDAR_ONLY,23.1743,23.1743,37.8951,14.7208,14.7208,38.8461,38.8461,0,0,11.72,3.65,drive,18.12,front,LIDAR_ONLY
0,86.1353,t921,LIDAR_ONLY,23.2654,23.2654,36.6806,13.4151,13.4151,36.5729,36.5729,0,0,11.94,1.84,drive,22.08,front,LIDAR_ONLY
0,86.1353,t930,LIDAR_ONLY,28.3420,28.3420,27.3452,0.9968,0.9968,3.6452,3.6452,1,1,11.94,1.84,drive,-14.39,front,LIDAR_ONLY
0,86.6866,t941,LIDAR_ONLY,26.0976,26.0976,34.3520,8.2543,8.2543,24.0287,24.0287,0,0,22.80,2.52,drive,19.36,front,LIDAR_ONLY
0,86.6866,t941,LIDAR_ONLY,24.9473,24.9473,34.3520,9.4047,9.4047,27.3774,27.3774,0,0,22.80,2.52,drive,21.31,front,LIDAR_ONLY
0,86.6866,t941,LIDAR_ONLY,22.2283,22.2283,34.3520,12.1236,12.1236,35.2924,35.2924,0,0,22.80,2.52,drive,23.47,front,LIDAR_ONLY
0,86.6866,t941,LIDAR_ONLY,19.4559,19.4559,34.3520,14.8961,14.8961,43.3632,43.3632,0,0,22.80,2.52,drive,28.34,front,LIDAR_ONLY
0,86.6866,t942,LIDAR_ONLY,28.1338,28.1338,27.0816,1.0523,1.0523,3.8855,3.8855,0,0,22.80,2.52,drive,-14.78,front,LIDAR_ONLY
0,87.0349,t950,LIDAR_ONLY,15.8899,15.8899,33.7968,17.9070,17.9070,52.9842,52.9842,0,0,12.02,2.90,cautious,26.43,front,LIDAR_ONLY
0,87.0349,t951,LIDAR_ONLY,25.1168,25.1168,33.7968,8.6800,8.6800,25.6830,25.6830,0,0,12.02,2.90,drive,16.04,front,LIDAR_ONLY
0,87.0349,t951,LIDAR_ONLY,24.4788,24.4788,33.7968,9.3180,9.3180,27.5707,27.5707,0,0,12.02,2.90,drive,17.09,front,LIDAR_ONLY
0,87.0349,t951,LIDAR_ONLY,23.8382,23.8382,33.7968,9.9587,9.9587,29.4663,29.4663,0,0,12.02,2.90,drive,18.53,front,LIDAR_ONLY
0,87.2858,t959,LIDAR_ONLY,47.3962,47.3962,31.8895,15.5067,15.5067,48.6262,48.6262,0,0,13.29,2.04,drive,24.16,front,LIDAR_ONLY
0,87.2858,t959,LIDAR_ONLY,36.3000,36.3000,31.8895,4.4104,4.4104,13.8303,13.8303,0,0,13.29,2.04,drive,20.72,front,LIDAR_ONLY
0,87.5853,t963,LIDAR_ONLY,46.2159,46.2159,,,,,,,,11.92,1.93,drive,26.81,front,LIDAR_ONLY
0,87.5853,t963,LIDAR_ONLY,19.1065,19.1065,,,,,,,,11.92,1.93,drive,29.83,front,LIDAR_ONLY
0,87.5853,t963,LIDAR_ONLY,19.1686,19.1686,,,,,,,,11.92,1.93,drive,23.79,front,LIDAR_ONLY
0,87.5853,t963,LIDAR_ONLY,19.2339,19.2339,,,,,,,,11.92,1.93,drive,24.94,front,LIDAR_ONLY
0,87.5853,t963,LIDAR_ONLY,19.3266,19.3266,,,,,,,,11.92,1.93,drive,22.38,front,LIDAR_ONLY
0,87.8498,t971,LIDAR_ONLY,48.8963,48.8963,28.5839,20.3124,20.3124,71.0623,71.0623,0,0,13.34,7.12,drive,21.59,front,LIDAR_ONLY
0,87.8498,t971,LIDAR_ONLY,36.4332,36.4332,28.5839,7.8493,7.8493,27.4604,27.4604,0,0,13.34,7.12,drive,23.47,front,LIDAR_ONLY
0,87.8498,t971,LIDAR_ONLY,27.4426,27.4426,28.5839,1.1413,1.1413,3.9929,3.9929,0,0,13.34,7.12,drive,25.74,front,LIDAR_ONLY
0,88.0359,t974,LIDAR_ONLY,27.4467,27.4467,26.5670,0.8796,0.8796,3.3110,3.3110,1,1,15.78,1.99,drive,-14.26,front,LIDAR_ONLY
0,88.0968,t979,LIDAR_ONLY,21.0713,21.0713,,,,,,,,12.79,5.91,drive,24.89,front,LIDAR_ONLY
0,88.2338,t979,LIDAR_ONLY,22.8940,22.8940,,,,,,,,19.24,2.30,drive,15.50,front,LIDAR_ONLY
0,88.3794,t984,LIDAR_ONLY,27.3933,27.3933,25.9437,1.4496,1.4496,5.5876,5.5876,0,0,15.47,1.65,drive,-18.26,front,LIDAR_ONLY
0,88.7278,t988,LIDAR_ONLY,26.9560,26.9560,25.3319,1.6242,1.6242,6.4116,6.4116,0,0,15.26,1.75,drive,-18.66,front,LIDAR_ONLY
0,88.7900,t989,LIDAR_ONLY,44.7281,44.7281,,,,,,,,11.95,4.09,drive,18.84,front,LIDAR_ONLY
0,89.0295,t998,LIDAR_ONLY,26.5784,26.5784,25.3402,1.2382,1.2382,4.8862,4.8862,0,0,10.61,1.89,drive,-16.74,front,LIDAR_ONLY
0,89.2312,t1000,LIDAR_ONLY,26.7407,26.7407,,,,,,,,12.78,1.18,drive,8.67,front,LIDAR_ONLY
0,89.2885,t1001,LIDAR_ONLY,42.3985,42.3985,,,,,,,,11.04,1.94,drive,25.27,front,LIDAR_ONLY
0,89.2885,t1001,LIDAR_ONLY,42.4240,42.4240,,,,,,,,11.04,1.94,drive,23.22,front,LIDAR_ONLY
0,89.4855,t1001,LIDAR_ONLY,42.1449,42.1449,,,,,,,,16.10,1.32,drive,26.11,front,LIDAR_ONLY
0,89.4855,t1001,LIDAR_ONLY,42.0663,42.0663,,,,,,,,16.10,1.32,drive,24.20,front,LIDAR_ONLY
0,90.4003,t1030,LIDAR_ONLY,35.0494,35.0494,,,,,,,,13.43,7.87,drive,29.56,front,LIDAR_ONLY
0,90.4003,t1031,LIDAR_ONLY,32.1716,32.1716,,,,,,,,13.43,7.87,drive,15.75,front,LIDAR_ONLY
0,90.4003,t1031,LIDAR_ONLY,33.1681,33.1681,,,,,,,,13.43,7.87,drive,20.69,front,LIDAR_ONLY
0,90.4003,t1030,LIDAR_ONLY,35.4444,35.4444,,,,,,,,13.43,7.87,drive,29.42,front,LIDAR_ONLY
0,90.5433,t1031,LIDAR_ONLY,33.4936,33.4936,,,,,,,,12.95,4.86,drive,17.69,front,LIDAR_ONLY
0,90.5433,t1031,LIDAR_ONLY,33.9663,33.9663,,,,,,,,12.95,4.86,drive,23.30,front,LIDAR_ONLY
0,90.5433,t1031,LIDAR_ONLY,34.4085,34.4085,,,,,,,,12.95,4.86,drive,25.31,front,LIDAR_ONLY
0,90.5951,t1035,LIDAR_ONLY,20.7161,20.7161,,,,,,,,9.35,2.99,drive,7.93,front,LIDAR_ONLY
0,90.5951,t1031,LIDAR_ONLY,34.6291,34.6291,,,,,,,,9.35,2.99,drive,18.26,front,LIDAR_ONLY
0,90.5951,t1035,LIDAR_ONLY,20.3769,20.3769,,,,,,,,9.35,2.99,drive,5.09,front,LIDAR_ONLY
0,90.8346,t1035,LIDAR_ONLY,20.1393,20.1393,,,,,,,,21.10,1.98,drive,10.29,front,LIDAR_ONLY
0,90.8346,t1031,LIDAR_ONLY,33.1081,33.1081,,,,,,,,21.10,1.98,drive,21.43,front,LIDAR_ONLY
0,90.8346,t1031,LIDAR_ONLY,32.9140,32.9140,,,,,,,,21.10,1.98,drive,20.62,front,LIDAR_ONLY
0,90.8346,t1031,LIDAR_ONLY,32.4879,32.4879,,,,,,,,21.10,1.98,drive,26.01,front,LIDAR_ONLY
0,90.8346,t1031,LIDAR_ONLY,32.2244,32.2244,,,,,,,,21.10,1.98,drive,27.81,front,LIDAR_ONLY
0,90.8968,t1035,LIDAR_ONLY,19.9617,19.9617,,,,,,,,12.65,3.97,drive,10.75,front,LIDAR_ONLY
0,90.8968,t1031,LIDAR_ONLY,31.6664,31.6664,,,,,,,,12.65,3.97,drive,22.15,front,LIDAR_ONLY
0,90.8968,t1031,LIDAR_ONLY,32.3419,32.3419,,,,,,,,12.65,3.97,drive,28.03,front,LIDAR_ONLY
0,91.0303,t1043,LIDAR_ONLY,24.9067,24.9067,23.6569,1.2498,1.2498,5.2828,5.2828,0,0,12.71,1.25,drive,-17.51,front,LIDAR_ONLY
0,91.2889,t1049,LIDAR_ONLY,17.9908,17.9908,,,,,,,,12.58,2.04,cautious,13.46,front,LIDAR_ONLY
0,91.2889,t1050,LIDAR_ONLY,28.8694,28.8694,,,,,,,,12.58,2.04,drive,23.92,front,LIDAR_ONLY
0,91.2889,t1052,LIDAR_ONLY,24.6002,24.6002,23.6285,0.9717,0.9717,4.1124,4.1124,1,1,12.58,2.04,drive,-15.44,front,LIDAR_ONLY
0,91.4301,t1052,LIDAR_ONLY,24.5722,24.5722,23.5217,1.0505,1.0505,4.4659,4.4659,0,0,14.16,1.63,drive,-15.03,front,LIDAR_ONLY
0,91.4301,t1049,LIDAR_ONLY,17.1403,17.1403,,,,,,,,14.16,1.63,cautious,8.24,front,LIDAR_ONLY
0,91.5815,t1049,LIDAR_ONLY,17.0442,17.0442,,,,,,,,18.59,1.51,cautious,13.11,front,LIDAR_ONLY
0,91.5815,t1058,LIDAR_ONLY,27.7522,27.7522,,,,,,,,18.59,1.51,drive,23.87,front,LIDAR_ONLY
0,91.5815,t1049,LIDAR_ONLY,16.6971,16.6971,,,,,,,,18.59,1.51,cautious,7.54,front,LIDAR_ONLY
0,91.5815,t1049,LIDAR_ONLY,16.5560,16.5560,,,,,,,,18.59,1.51,cautious,10.15,front,LIDAR_ONLY
0,91.8881,t1066,LIDAR_ONLY,26.4713,26.4713,,,,,,,,12.38,2.94,drive,22.07,front,LIDAR_ONLY
0,91.8881,t1066,LIDAR_ONLY,27.3627,27.3627,,,,,,,,12.38,2.94,drive,28.51,front,LIDAR_ONLY
0,92.0897,t1070,LIDAR_ONLY,14.6765,14.6765,,,,,,,,15.09,1.99,cautious,13.36,front,LIDAR_ONLY
0,92.0897,t1066,LIDAR_ONLY,27.5351,27.5351,,,,,,,,15.09,1.99,drive,24.34,front,LIDAR_ONLY
0,92.0897,t1072,LIDAR_ONLY,24.0323,24.0323,22.6940,1.3384,1.3384,5.8974,5.8974,0,0,15.09,1.99,drive,-18.08,front,LIDAR_ONLY
0,92.0897,t1070,LIDAR_ONLY,14.1551,14.1551,,,,,,,,15.09,1.99,cautious,6.84,front,LIDAR_ONLY
0,92.2307,t1070,LIDAR_ONLY,14.1260,14.1260,,,,,,,,19.76,1.51,cautious,14.90,front,LIDAR_ONLY
0,92.2307,t1072,LIDAR_ONLY,24.0353,24.0353,22.7372,1.2981,1.2981,5.7091,5.7091,0,0,19.76,1.51,drive,-18.08,front,LIDAR_ONLY
0,92.2307,t1070,LIDAR_ONLY,13.7893,13.7893,,,,,,,,19.76,1.51,cautious,8.32,front,LIDAR_ONLY
0,92.2307,t1070,LIDAR_ONLY,13.7122,13.7122,,,,,,,,19.76,1.51,cautious,11.19,front,LIDAR_ONLY
0,92.3805,t1072,LIDAR_ONLY,24.0031,24.0031,22.7179,1.2851,1.2851,5.6569,5.6569,0,0,15.80,1.95,drive,-16.84,front,LIDAR_ONLY
0,92.4376,t1070,LIDAR_ONLY,13.3985,13.3985,,,,,,,,10.02,2.06,cautious,16.17,front,LIDAR_ONLY
0,92.4376,t1077,LIDAR_ONLY,24.4811,24.4811,,,,,,,,10.02,2.06,drive,26.76,front,LIDAR_ONLY
0,92.4376,t1077,LIDAR_ONLY,25.5780,25.5780,,,,,,,,10.02,2.06,drive,25.39,front,LIDAR_ONLY
0,92.4376,t1077,LIDAR_ONLY,26.8303,26.8303,,,,,,,,10.02,2.06,drive,23.30,front,LIDAR_ONLY
0,92.4376,t1070,LIDAR_ONLY,13.2509,13.2509,,,,,,,,10.02,2.06,cautious,11.99,front,LIDAR_ONLY
0,92.7324,t1086,LIDAR_ONLY,23.7596,23.7596,22.5663,1.1932,1.1932,5.2876,5.2876,0,0,20.78,3.73,drive,-17.38,front,LIDAR_ONLY
0,92.7324,t1088,LIDAR_ONLY,11.7389,11.7389,,,,,,,,20.78,3.73,slow,7.98,front,LIDAR_ONLY
0,92.7324,t1088,LIDAR_ONLY,11.5444,11.5444,,,,,,,,20.78,3.73,slow,12.90,front,LIDAR_ONLY
0,92.7324,t1088,LIDAR_ONLY,11.2499,11.2499,,,,,,,,20.78,3.73,slow,9.85,front,LIDAR_ONLY
0,92.8336,t1088,LIDAR_ONLY,11.2983,11.2983,,,,,,,,10.51,1.81,slow,18.15,front,LIDAR_ONLY
0,92.8336,t1089,LIDAR_ONLY,23.1132,23.1132,,,,,,,,10.51,1.81,drive,28.55,front,LIDAR_ONLY
0,92.8336,t1088,LIDAR_ONLY,12.4764,12.4764,,,,,,,,10.51,1.81,slow,14.12,front,LIDAR_ONLY
0,92.8336,t1089,LIDAR_ONLY,24.3301,24.3301,,,,,,,,10.51,1.81,drive,27.29,front,LIDAR_ONLY
0,92.8336,t1088,LIDAR_ONLY,13.0179,13.0179,,,,,,,,10.51,1.81,slow,12.41,front,LIDAR_ONLY
0,92.9797,t1088,LIDAR_ONLY,13.5280,13.5280,,,,,,,,14.07,1.37,slow,9.35,front,LIDAR_ONLY
0,92.9797,t1088,LIDAR_ONLY,13.7671,13.7671,,,,,,,,14.07,1.37,slow,11.48,front,LIDAR_ONLY
0,93.0382,t1089,LIDAR_ONLY,21.4606,21.4606,,,,,,,,10.95,2.30,drive,19.83,front,LIDAR_ONLY
0,93.0382,t1091,LIDAR_ONLY,22.4435,22.4435,,,,,,,,10.95,2.30,drive,29.86,front,LIDAR_ONLY
0,93.0382,t1091,LIDAR_ONLY,23.8344,23.8344,,,,,,,,10.95,2.30,drive,28.29,front,LIDAR_ONLY
0,93.0382,t1093,LIDAR_ONLY,23.5763,23.5763,22.4521,1.1243,1.1243,5.0074,5.0074,0,0,10.95,2.30,drive,-16.84,front,LIDAR_ONLY
0,93.0382,t1088,LIDAR_ONLY,14.0122,14.0122,,,,,,,,10.95,2.30,cautious,9.56,front,LIDAR_ONLY
0,93.0382,t1088,LIDAR_ONLY,10.7464,10.7464,,,,,,,,10.95,2.30,slow,13.94,front,LIDAR_ONLY
0,93.0382,t1088,LIDAR_ONLY,10.3853,10.3853,,,,,,,,10.95,2.30,slow,11.64,front,LIDAR_ONLY
0,93.0382,t1088,LIDAR_ONLY,10.2123,10.2123,,,,,,,,10.95,2.30,slow,15.60,front,LIDAR_ONLY
0,93.3356,t1102,LIDAR_ONLY,10.1628,10.1628,,,,,,,,12.53,2.68,slow,20.58,front,LIDAR_ONLY
0,93.3356,t1102,LIDAR_ONLY,11.5198,11.5198,,,,,,,,12.53,2.68,slow,28.69,front,LIDAR_ONLY
0,93.3356,t1104,LIDAR_ONLY,38.3626,38.3626,,,,,,,,12.53,2.68,drive,17.14,front,LIDAR_ONLY
0,93.3356,t1104,LIDAR_ONLY,22.8354,22.8354,,,,,,,,12.53,2.68,drive,10.31,front,LIDAR_ONLY
0,93.3356,t1104,LIDAR_ONLY,16.3635,16.3635,,,,,,,,12.53,2.68,cautious,16.05,front,LIDAR_ONLY
0,93.3356,t1104,LIDAR_ONLY,13.3832,13.3832,,,,,,,,12.53,2.68,cautious,11.76,front,LIDAR_ONLY
0,93.4790,t1102,LIDAR_ONLY,11.8647,11.8647,,,,,,,,12.31,2.27,slow,20.38,front,LIDAR_ONLY
0,93.4790,t1102,LIDAR_ONLY,13.0256,13.0256,,,,,,,,12.31,2.27,slow,16.52,front,LIDAR_ONLY
0,93.4790,t1106,LIDAR_ONLY,23.6449,23.6449,22.1966,1.4483,1.4483,6.5248,6.5248,0,0,12.31,2.27,drive,-18.25,front,LIDAR_ONLY
0,93.4790,t1104,LIDAR_ONLY,12.9888,12.9888,,,,,,,,12.31,2.27,cautious,7.76,front,LIDAR_ONLY
0,93.4790,t1102,LIDAR_ONLY,13.6642,13.6642,,,,,,,,12.31,2.27,slow,13.71,front,LIDAR_ONLY
0,93.4790,t1102,LIDAR_ONLY,13.7165,13.7165,,,,,,,,12.31,2.27,cautious,13.16,front,LIDAR_ONLY
0,93.5417,t1109,LIDAR_ONLY,30.8228,30.8228,,,,,,,,13.15,2.86,drive,28.36,front,LIDAR_ONLY
0,93.7399,t1109,LIDAR_ONLY,14.2183,14.2183,,,,,,,,12.77,2.84,cautious,23.73,front,LIDAR_ONLY
0,93.7399,t1109,LIDAR_ONLY,11.4708,11.4708,,,,,,,,12.77,2.84,slow,16.49,front,LIDAR_ONLY
0,93.7399,t1109,LIDAR_ONLY,10.4895,10.4895,,,,,,,,12.77,2.84,slow,13.78,front,LIDAR_ONLY
0,94.1430,t1119,LIDAR_ONLY,7.5606,7.5606,,,,,,,,11.61,2.65,stop,29.10,front,LIDAR_ONLY
0,94.1430,t1120,LIDAR_ONLY,7.6866,7.6866,,,,,,,,11.61,2.65,stop,13.45,front,LIDAR_ONLY
0,94.1430,t1120,LIDAR_ONLY,6.4041,6.4041,,,,,,,,11.61,2.65,stop,19.74,front,LIDAR_ONLY
0,94.5318,t1128,LIDAR_ONLY,39.5995,39.5995,23.7298,15.8697,15.8697,66.8766,66.8766,0,0,13.09,1.70,drive,-20.50,front,LIDAR_ONLY
0,94.5318,t1128,LIDAR_ONLY,31.1356,31.1356,23.7298,7.4058,7.4058,31.2087,31.2087,0,0,13.09,1.70,drive,-18.42,front,LIDAR_ONLY
0,94.7262,t1128,LIDAR_ONLY,28.6489,28.6489,23.6256,5.0233,5.0233,21.2623,21.2623,0,0,12.76,1.86,drive,-20.95,front,LIDAR_ONLY
0,94.9386,t1135,LIDAR_ONLY,27.6247,27.6247,,,,,,,,18.00,4.32,drive,25.99,front,LIDAR_ONLY
0,94.9386,t1135,LIDAR_ONLY,27.1999,27.1999,,,,,,,,18.00,4.32,drive,28.07,front,LIDAR_ONLY
0,94.9386,t1135,LIDAR_ONLY,27.0358,27.0358,,,,,,,,18.00,4.32,drive,29.08,front,LIDAR_ONLY
0,94.9386,t1136,LIDAR_ONLY,32.4259,32.4259,,,,,,,,18.00,4.32,drive,13.26,front,LIDAR_ONLY
0,94.9386,t1136,LIDAR_ONLY,27.9351,27.9351,,,,,,,,18.00,4.32,drive,16.64,front,LIDAR_ONLY
0,94.9386,t1136,LIDAR_ONLY,27.7269,27.7269,,,,,,,,18.00,4.32,drive,16.03,front,LIDAR_ONLY
0,94.9386,t1136,LIDAR_ONLY,27.6981,27.6981,,,,,,,,18.00,4.32,drive,18.76,front,LIDAR_ONLY
0,94.9386,t1136,LIDAR_ONLY,5.2092,5.2092,,,,,,,,18.00,4.32,stop,18.48,front,LIDAR_ONLY
0,95.0854,t1136,LIDAR_ONLY,4.7377,4.7377,,,,,,,,14.93,2.48,emergency_stop,17.33,front,LIDAR_ONLY
0,95.0854,t1136,LIDAR_ONLY,4.9290,4.9290,,,,,,,,14.93,2.48,emergency_stop,15.69,front,LIDAR_ONLY
0,95.0854,t1136,LIDAR_ONLY,5.0098,5.0098,,,,,,,,14.93,2.48,emergency_stop,19.30,front,LIDAR_ONLY
0,95.0854,t1136,LIDAR_ONLY,4.1686,4.1686,,,,,,,,14.93,2.48,emergency_stop,18.33,front,LIDAR_ONLY
0,95.2918,t1136,LIDAR_ONLY,4.9032,4.9032,,,,,,,,16.51,6.14,emergency_stop,18.18,front,LIDAR_ONLY
0,95.2918,t1136,LIDAR_ONLY,5.3421,5.3421,,,,,,,,16.51,6.14,emergency_stop,22.67,front,LIDAR_ONLY
0,95.2918,t1145,LIDAR_ONLY,27.1153,27.1153,25.5626,1.5527,1.5527,6.0742,6.0742,0,0,16.51,6.14,drive,-19.18,front,LIDAR_ONLY
0,95.4312,t1147,LIDAR_ONLY,36.3876,36.3876,,,,,,,,12.54,1.22,drive,11.37,front,LIDAR_ONLY
0,96.4357,t1167,LIDAR_ONLY,33.6309,33.6309,,,,,,,,10.74,1.89,drive,17.47,front,LIDAR_ONLY
0,96.4357,t1167,LIDAR_ONLY,33.8224,33.8224,,,,,,,,10.74,1.89,drive,23.72,front,LIDAR_ONLY
0,96.4357,t1167,LIDAR_ONLY,33.2113,33.2113,,,,,,,,10.74,1.89,drive,27.73,front,LIDAR_ONLY
0,96.4357,t1167,LIDAR_ONLY,29.3406,29.3406,,,,,,,,10.74,1.89,drive,27.17,front,LIDAR_ONLY
0,96.6394,t1171,LIDAR_ONLY,32.5720,32.5720,,,,,,,,10.99,2.63,drive,15.60,front,LIDAR_ONLY
0,96.6394,t1171,LIDAR_ONLY,32.5894,32.5894,,,,,,,,10.99,2.63,drive,13.62,front,LIDAR_ONLY
0,96.6394,t1167,LIDAR_ONLY,29.3648,29.3648,,,,,,,,10.99,2.63,drive,27.42,front,LIDAR_ONLY
0,96.6394,t1167,LIDAR_ONLY,27.8282,27.8282,,,,,,,,10.99,2.63,drive,26.19,front,LIDAR_ONLY
0,96.7897,t1167,LIDAR_ONLY,27.5326,27.5326,,,,,,,,18.00,4.05,drive,26.51,front,LIDAR_ONLY
0,96.7897,t1167,LIDAR_ONLY,26.6554,26.6554,,,,,,,,18.00,4.05,drive,24.51,front,LIDAR_ONLY
0,96.9471,t1167,LIDAR_ONLY,26.7877,26.7877,,,,,,,,30.61,7.82,drive,18.61,front,LIDAR_ONLY
0,96.9471,t1167,LIDAR_ONLY,26.8752,26.8752,,,,,,,,30.61,7.82,drive,24.09,front,LIDAR_ONLY
0,96.9471,t1167,LIDAR_ONLY,26.5668,26.5668,,,,,,,,30.61,7.82,drive,22.70,front,LIDAR_ONLY
0,96.9471,t1167,LIDAR_ONLY,24.9386,24.9386,,,,,,,,30.61,7.82,drive,29.75,front,LIDAR_ONLY
0,96.9471,t1167,LIDAR_ONLY,24.3542,24.3542,,,,,,,,30.61,7.82,drive,26.17,front,LIDAR_ONLY
0,97.0828,t1182,LIDAR_ONLY,29.6227,29.6227,,,,,,,,13.52,2.06,drive,-29.93,front,LIDAR_ONLY
0,97.0828,t1183,LIDAR_ONLY,29.8904,29.8904,,,,,,,,13.52,2.06,drive,12.51,front,LIDAR_ONLY
0,97.0828,t1167,LIDAR_ONLY,24.1164,24.1164,,,,,,,,13.52,2.06,drive,20.47,front,LIDAR_ONLY
0,97.0828,t1167,LIDAR_ONLY,24.1355,24.1355,,,,,,,,13.52,2.06,drive,25.63,front,LIDAR_ONLY
0,97.0828,t1183,LIDAR_ONLY,29.9567,29.9567,,,,,,,,13.52,2.06,drive,10.85,front,LIDAR_ONLY
0,97.0828,t1167,LIDAR_ONLY,23.9201,23.9201,,,,,,,,13.52,2.06,drive,24.68,front,LIDAR_ONLY
0,97.0828,t1167,LIDAR_ONLY,24.3911,24.3911,,,,,,,,13.52,2.06,drive,28.86,front,LIDAR_ONLY
0,97.2330,t1183,LIDAR_ONLY,29.9944,29.9944,,,,,,,,12.59,1.46,drive,11.42,front,LIDAR_ONLY
0,97.2330,t1167,LIDAR_ONLY,25.0451,25.0451,,,,,,,,12.59,1.46,drive,22.34,front,LIDAR_ONLY
0,97.2330,t1167,LIDAR_ONLY,25.4158,25.4158,,,,,,,,12.59,1.46,drive,27.59,front,LIDAR_ONLY
0,97.2330,t1183,LIDAR_ONLY,30.0028,30.0028,,,,,,,,12.59,1.46,drive,16.52,front,LIDAR_ONLY
0,97.2330,t1167,LIDAR_ONLY,24.9768,24.9768,,,,,,,,12.59,1.46,drive,26.77,front,LIDAR_ONLY
0,97.4385,t1183,LIDAR_ONLY,29.8524,29.8524,,,,,,,,13.29,2.17,drive,13.05,front,LIDAR_ONLY
0,97.4385,t1167,LIDAR_ONLY,25.3385,25.3385,,,,,,,,13.29,2.17,drive,24.76,front,LIDAR_ONLY
0,97.4385,t1167,LIDAR_ONLY,25.5601,25.5601,,,,,,,,13.29,2.17,drive,29.74,front,LIDAR_ONLY
0,97.4385,t1183,LIDAR_ONLY,29.5739,29.5739,,,,,,,,13.29,2.17,drive,15.31,front,LIDAR_ONLY
0,97.4385,t1167,LIDAR_ONLY,24.4366,24.4366,,,,,,,,13.29,2.17,drive,29.57,front,LIDAR_ONLY
0,97.6466,t1167,LIDAR_ONLY,24.4557,24.4557,,,,,,,,16.28,5.36,drive,26.53,front,LIDAR_ONLY
0,97.6466,t1167,LIDAR_ONLY,24.7414,24.7414,,,,,,,,16.28,5.36,drive,20.96,front,LIDAR_ONLY
0,97.7815,t1167,LIDAR_ONLY,24.8418,24.8418,,,,,,,,12.40,1.42,drive,19.86,front,LIDAR_ONLY
0,97.7815,t1167,LIDAR_ONLY,24.9346,24.9346,,,,,,,,12.40,1.42,drive,18.72,front,LIDAR_ONLY
0,98.1851,t1208,LIDAR_ONLY,26.1239,26.1239,,,,,,,,12.71,1.40,drive,17.97,front,LIDAR_ONLY
0,98.1851,t1209,LIDAR_ONLY,27.8316,27.8316,,,,,,,,12.71,1.40,drive,29.09,front,LIDAR_ONLY
0,98.1851,t1208,LIDAR_ONLY,26.2816,26.2816,,,,,,,,12.71,1.40,drive,19.62,front,LIDAR_ONLY
0,98.4863,t1215,LIDAR_ONLY,26.3738,26.3738,,,,,,,,10.07,2.06,drive,26.64,front,LIDAR_ONLY
0,98.4863,t1216,LIDAR_ONLY,24.7136,24.7136,,,,,,,,10.07,2.06,drive,14.35,front,LIDAR_ONLY
0,98.4863,t1216,LIDAR_ONLY,24.8419,24.8419,,,,,,,,10.07,2.06,drive,16.80,front,LIDAR_ONLY
0,98.8412,t1226,LIDAR_ONLY,24.8156,24.8156,,,,,,,,15.00,3.51,drive,27.94,front,LIDAR_ONLY
0,98.8412,t1227,LIDAR_ONLY,22.5578,22.5578,,,,,,,,15.00,3.51,drive,17.36,front,LIDAR_ONLY
0,98.9844,t1227,LIDAR_ONLY,22.3049,22.3049,,,,,,,,21.77,1.61,drive,18.89,front,LIDAR_ONLY
0,98.9844,t1227,LIDAR_ONLY,22.4489,22.4489,,,,,,,,21.77,1.61,drive,19.80,front,LIDAR_ONLY
0,99.3810,t1236,LIDAR_ONLY,21.0381,21.0381,,,,,,,,12.03,1.27,drive,24.03,front,LIDAR_ONLY
0,99.3810,t1236,LIDAR_ONLY,21.2271,21.2271,,,,,,,,12.03,1.27,drive,23.49,front,LIDAR_ONLY
0,99.4431,t1236,LIDAR_ONLY,21.2502,21.2502,,,,,,,,12.16,4.13,drive,24.62,front,LIDAR_ONLY
0,99.4431,t1236,LIDAR_ONLY,21.3141,21.3141,,,,,,,,12.16,4.13,drive,23.77,front,LIDAR_ONLY
0,99.6423,t1236,LIDAR_ONLY,21.2460,21.2460,,,,,,,,12.87,3.21,drive,23.52,front,LIDAR_ONLY
0,99.6423,t1236,LIDAR_ONLY,21.0637,21.0637,,,,,,,,12.87,3.21,drive,26.33,front,LIDAR_ONLY
0,99.6423,t1236,LIDAR_ONLY,20.8787,20.8787,,,,,,,,12.87,3.21,drive,25.09,front,LIDAR_ONLY
0,99.9793,t1250,LIDAR_ONLY,18.7360,18.7360,,,,,,,,16.92,1.85,drive,23.64,front,LIDAR_ONLY
0,99.9793,t1250,LIDAR_ONLY,22.2163,22.2163,,,,,,,,16.92,1.85,drive,15.74,front,LIDAR_ONLY
0,100.1878,t1250,LIDAR_ONLY,22.2952,22.2952,,,,,,,,19.93,3.75,drive,24.07,front,LIDAR_ONLY
0,100.1878,t1250,LIDAR_ONLY,21.9045,21.9045,,,,,,,,19.93,3.75,drive,27.57,front,LIDAR_ONLY
0,100.1878,t1250,LIDAR_ONLY,21.2128,21.2128,,,,,,,,19.93,3.75,drive,24.34,front,LIDAR_ONLY
0,100.1878,t1250,LIDAR_ONLY,21.8559,21.8559,,,,,,,,19.93,3.75,drive,18.24,front,LIDAR_ONLY
0,100.3861,t1254,LIDAR_ONLY,16.5724,16.5724,,,,,,,,13.17,2.12,cautious,28.90,front,LIDAR_ONLY
0,100.3861,t1254,LIDAR_ONLY,16.8074,16.8074,,,,,,,,13.17,2.12,cautious,26.90,front,LIDAR_ONLY
0,100.3861,t1250,LIDAR_ONLY,22.0968,22.0968,,,,,,,,13.17,2.12,drive,19.16,front,LIDAR_ONLY
0,100.3861,t1254,LIDAR_ONLY,17.3705,17.3705,,,,,,,,13.17,2.12,cautious,23.47,front,LIDAR_ONLY
0,100.4479,t1254,LIDAR_ONLY,17.5310,17.5310,,,,,,,,9.53,4.28,cautious,28.83,front,LIDAR_ONLY
0,100.4479,t1254,LIDAR_ONLY,17.6550,17.6550,,,,,,,,9.53,4.28,cautious,27.37,front,LIDAR_ONLY
0,100.4479,t1254,LIDAR_ONLY,18.2103,18.2103,,,,,,,,9.53,4.28,cautious,25.98,front,LIDAR_ONLY
0,100.6381,t1254,LIDAR_ONLY,18.5552,18.5552,,,,,,,,19.84,2.97,cautious,28.70,front,LIDAR_ONLY
0,100.6381,t1254,LIDAR_ONLY,19.2555,19.2555,,,,,,,,19.84,2.97,cautious,21.01,front,LIDAR_ONLY
0,100.6381,t1254,LIDAR_ONLY,20.4346,20.4346,,,,,,,,19.84,2.97,drive,26.49,front,LIDAR_ONLY
0,100.8450,t1254,LIDAR_ONLY,20.8684,20.8684,,,,,,,,15.28,5.43,drive,29.62,front,LIDAR_ONLY
0,100.8450,t1254,LIDAR_ONLY,21.0996,21.0996,,,,,,,,15.28,5.43,drive,27.14,front,LIDAR_ONLY
0,101.0301,t1271,LIDAR_ONLY,39.6014,39.6014,,,,,,,,11.01,1.62,drive,17.08,front,LIDAR_ONLY
0,101.0301,t1271,LIDAR_ONLY,34.7130,34.7130,,,,,,,,11.01,1.62,drive,20.85,front,LIDAR_ONLY
0,101.2303,t1271,LIDAR_ONLY,35.0760,35.0760,,,,,,,,12.21,1.16,drive,18.28,front,LIDAR_ONLY
0,101.4355,t1271,LIDAR_ONLY,35.4402,35.4402,,,,,,,,12.06,1.39,drive,18.55,front,LIDAR_ONLY
0,101.4355,t1276,LIDAR_ONLY,20.5428,20.5428,,,,,,,,12.06,1.39,drive,29.23,front,LIDAR_ONLY
0,101.6930,t1285,LIDAR_ONLY,36.7415,36.7415,,,,,,,,13.68,3.96,drive,16.66,front,LIDAR_ONLY
0,101.6930,t1285,LIDAR_ONLY,33.3329,33.3329,,,,,,,,13.68,3.96,drive,22.13,front,LIDAR_ONLY
0,101.8382,t1285,LIDAR_ONLY,33.5875,33.5875,,,,,,,,14.68,3.97,drive,14.63,front,LIDAR_ONLY
0,101.8382,t1285,LIDAR_ONLY,31.8305,31.8305,,,,,,,,14.68,3.97,drive,20.43,front,LIDAR_ONLY
0,101.8382,t1285,LIDAR_ONLY,31.4898,31.4898,,,,,,,,14.68,3.97,drive,17.55,front,LIDAR_ONLY
0,101.8382,t1287,LIDAR_ONLY,19.3367,19.3367,,,,,,,,14.68,3.97,drive,29.53,front,LIDAR_ONLY
0,102.3417,t1298,LIDAR_ONLY,33.9522,33.9522,,,,,,,,12.35,3.34,drive,17.91,front,LIDAR_ONLY
0,102.3417,t1298,LIDAR_ONLY,29.0317,29.0317,,,,,,,,12.35,3.34,drive,24.38,front,LIDAR_ONLY
0,102.5370,t1298,LIDAR_ONLY,29.3994,29.3994,,,,,,,,11.12,2.28,drive,19.53,front,LIDAR_ONLY
0,102.5370,t1298,LIDAR_ONLY,28.6592,28.6592,,,,,,,,11.12,2.28,drive,25.92,front,LIDAR_ONLY
0,103.3355,t1318,LIDAR_ONLY,30.2918,30.2918,,,,,,,,12.58,1.77,drive,23.10,front,LIDAR_ONLY
0,103.3355,t1318,LIDAR_ONLY,31.3969,31.3969,,,,,,,,12.58,1.77,drive,20.52,front,LIDAR_ONLY
0,103.3355,t1318,LIDAR_ONLY,31.4399,31.4399,,,,,,,,12.58,1.77,drive,26.52,front,LIDAR_ONLY
0,103.4789,t1318,LIDAR_ONLY,31.0211,31.0211,,,,,,,,10.39,1.27,drive,23.40,front,LIDAR_ONLY
0,103.4789,t1318,LIDAR_ONLY,31.4815,31.4815,,,,,,,,10.39,1.27,drive,20.74,front,LIDAR_ONLY
0,103.4789,t1318,LIDAR_ONLY,28.2210,28.2210,,,,,,,,10.39,1.27,drive,28.67,front,LIDAR_ONLY
0,103.5361,t1318,LIDAR_ONLY,27.1044,27.1044,,,,,,,,9.82,1.76,drive,23.80,front,LIDAR_ONLY
0,103.5361,t1318,LIDAR_ONLY,27.6562,27.6562,,,,,,,,9.82,1.76,drive,20.84,front,LIDAR_ONLY
0,103.5906,t1318,LIDAR_ONLY,28.0250,28.0250,,,,,,,,9.73,2.82,drive,23.90,front,LIDAR_ONLY
0,103.5906,t1318,LIDAR_ONLY,28.2400,28.2400,,,,,,,,9.73,2.82,drive,21.02,front,LIDAR_ONLY
0,103.5906,t1318,LIDAR_ONLY,29.0707,29.0707,,,,,,,,9.73,2.82,drive,28.20,front,LIDAR_ONLY
0,104.1903,t1339,LIDAR_ONLY,26.3866,26.3866,,,,,,,,11.90,3.63,drive,20.66,front,LIDAR_ONLY
0,104.1903,t1339,LIDAR_ONLY,25.0948,25.0948,,,,,,,,11.90,3.63,drive,25.35,front,LIDAR_ONLY
0,104.3354,t1339,LIDAR_ONLY,25.1788,25.1788,,,,,,,,18.10,2.49,drive,22.33,front,LIDAR_ONLY
0,104.3354,t1339,LIDAR_ONLY,25.7306,25.7306,,,,,,,,18.10,2.49,drive,18.23,front,LIDAR_ONLY
0,104.6826,t1344,LIDAR_ONLY,24.2104,24.2104,,,,,,,,18.96,1.68,drive,26.74,front,LIDAR_ONLY
0,105.2895,t1353,LIDAR_ONLY,21.7220,21.7220,,,,,,,,14.28,2.87,drive,27.27,front,LIDAR_ONLY
0,105.2895,t1353,LIDAR_ONLY,22.7458,22.7458,,,,,,,,14.28,2.87,drive,21.42,front,LIDAR_ONLY
0,105.3459,t1353,LIDAR_ONLY,23.0519,23.0519,,,,,,,,10.33,4.61,drive,26.64,front,LIDAR_ONLY
0,105.4894,t1353,LIDAR_ONLY,22.7093,22.7093,,,,,,,,12.78,3.11,drive,26.59,front,LIDAR_ONLY
0,105.4894,t1353,LIDAR_ONLY,22.8903,22.8903,,,,,,,,12.78,3.11,drive,29.00,front,LIDAR_ONLY
0,105.4894,t1353,LIDAR_ONLY,23.4163,23.4163,,,,,,,,12.78,3.11,drive,20.44,front,LIDAR_ONLY
0,105.6442,t1353,LIDAR_ONLY,22.2401,22.2401,,,,,,,,13.69,3.82,drive,29.66,front,LIDAR_ONLY
0,105.6442,t1353,LIDAR_ONLY,22.6017,22.6017,,,,,,,,13.69,3.82,drive,22.60,front,LIDAR_ONLY
0,105.6442,t1353,LIDAR_ONLY,23.0097,23.0097,,,,,,,,13.69,3.82,drive,19.25,front,LIDAR_ONLY
0,105.7235,t1363,LIDAR_ONLY,29.6349,29.6349,,,,,,,,18.65,1.02,drive,-29.30,front,LIDAR_ONLY
0,105.7957,t1353,LIDAR_ONLY,23.3777,23.3777,,,,,,,,18.17,3.20,drive,24.73,front,LIDAR_ONLY
0,105.7957,t1353,LIDAR_ONLY,22.9310,22.9310,,,,,,,,18.17,3.20,drive,21.64,front,LIDAR_ONLY
0,105.7957,t1353,LIDAR_ONLY,23.2135,23.2135,,,,,,,,18.17,3.20,drive,28.04,front,LIDAR_ONLY
0,106.1315,t1373,LIDAR_ONLY,27.5441,27.5441,,,,,,,,12.64,1.34,drive,28.34,front,LIDAR_ONLY
0,106.1315,t1373,LIDAR_ONLY,23.8520,23.8520,,,,,,,,12.64,1.34,drive,25.98,front,LIDAR_ONLY
0,106.3400,t1373,LIDAR_ONLY,24.1530,24.1530,,,,,,,,10.11,2.87,drive,29.81,front,LIDAR_ONLY
0,106.3400,t1373,LIDAR_ONLY,22.7669,22.7669,,,,,,,,10.11,2.87,drive,27.80,front,LIDAR_ONLY
0,106.3400,t1373,LIDAR_ONLY,23.6143,23.6143,,,,,,,,10.11,2.87,drive,18.90,front,LIDAR_ONLY
0,106.5328,t1373,LIDAR_ONLY,22.6665,22.6665,,,,,,,,12.77,1.56,drive,28.63,front,LIDAR_ONLY
0,106.5328,t1373,LIDAR_ONLY,23.6840,23.6840,,,,,,,,12.77,1.56,drive,19.33,front,LIDAR_ONLY
0,106.8888,t1390,LIDAR_ONLY,24.3596,24.3596,,,,,,,,14.38,1.81,drive,27.64,front,LIDAR_ONLY
0,106.8888,t1390,LIDAR_ONLY,18.7173,18.7173,,,,,,,,14.38,1.81,cautious,26.57,front,LIDAR_ONLY
0,107.1362,t1398,LIDAR_ONLY,37.9912,37.9912,,,,,,,,10.37,1.92,drive,17.59,front,LIDAR_ONLY
0,107.1362,t1398,LIDAR_ONLY,33.1427,33.1427,,,,,,,,10.37,1.92,drive,22.34,front,LIDAR_ONLY
0,107.9989,t1421,LIDAR_ONLY,34.2822,34.2822,,,,,,,,18.78,5.70,drive,21.11,front,LIDAR_ONLY
0,108.1920,t1421,LIDAR_ONLY,33.9467,33.9467,,,,,,,,12.91,3.13,drive,22.22,front,LIDAR_ONLY
0,108.1920,t1421,LIDAR_ONLY,31.2513,31.2513,,,,,,,,12.91,3.13,drive,28.44,front,LIDAR_ONLY
0,108.1920,t1421,LIDAR_ONLY,28.4023,28.4023,,,,,,,,12.91,3.13,drive,29.70,front,LIDAR_ONLY
0,108.3950,t1421,LIDAR_ONLY,28.7223,28.7223,,,,,,,,14.59,4.52,drive,24.51,front,LIDAR_ONLY
0,108.5304,t1421,LIDAR_ONLY,28.8084,28.8084,,,,,,,,20.75,1.84,drive,24.67,front,LIDAR_ONLY
0,108.6931,t1421,LIDAR_ONLY,28.7929,28.7929,,,,,,,,13.50,1.72,drive,24.98,front,LIDAR_ONLY
0,108.9428,t1440,LIDAR_ONLY,30.5124,30.5124,,,,,,,,16.38,3.32,drive,26.38,front,LIDAR_ONLY
0,108.9428,t1440,LIDAR_ONLY,30.4689,30.4689,,,,,,,,16.38,3.32,drive,23.44,front,LIDAR_ONLY
0,109.1339,t1440,LIDAR_ONLY,30.1539,30.1539,,,,,,,,12.80,1.22,drive,27.36,front,LIDAR_ONLY
0,109.1339,t1440,LIDAR_ONLY,30.0703,30.0703,,,,,,,,12.80,1.22,drive,24.45,front,LIDAR_ONLY
0,109.6403,t1455,LIDAR_ONLY,27.4920,27.4920,,,,,,,,12.74,3.14,drive,26.63,front,LIDAR_ONLY
0,109.6403,t1455,LIDAR_ONLY,27.4965,27.4965,,,,,,,,12.74,3.14,drive,23.00,front,LIDAR_ONLY
0,109.7893,t1455,LIDAR_ONLY,27.6627,27.6627,,,,,,,,13.14,3.24,drive,22.06,front,LIDAR_ONLY
0,109.7893,t1455,LIDAR_ONLY,27.6467,27.6467,,,,,,,,13.14,3.24,drive,24.48,front,LIDAR_ONLY
0,109.7893,t1455,LIDAR_ONLY,27.5248,27.5248,,,,,,,,13.14,3.24,drive,20.03,front,LIDAR_ONLY
0,109.9841,t1455,LIDAR_ONLY,27.6161,27.6161,,,,,,,,11.31,1.48,drive,17.98,front,LIDAR_ONLY
0,109.9841,t1455,LIDAR_ONLY,27.1945,27.1945,,,,,,,,11.31,1.48,drive,20.37,front,LIDAR_ONLY
0,109.9841,t1455,LIDAR_ONLY,26.7429,26.7429,,,,,,,,11.31,1.48,drive,27.88,front,LIDAR_ONLY
0,109.9841,t1462,LIDAR_ONLY,25.7458,25.7458,,,,,,,,11.31,1.48,drive,16.66,front,LIDAR_ONLY
0,109.9841,t1455,LIDAR_ONLY,24.6858,24.6858,,,,,,,,11.31,1.48,drive,26.63,front,LIDAR_ONLY
0,110.2428,t1470,LIDAR_ONLY,24.5472,24.5472,,,,,,,,11.94,3.21,drive,22.03,front,LIDAR_ONLY
0,110.2428,t1470,LIDAR_ONLY,24.6090,24.6090,,,,,,,,11.94,3.21,drive,26.61,front,LIDAR_ONLY
0,110.2428,t1471,LIDAR_ONLY,29.7631,29.7631,,,,,,,,11.94,3.21,drive,15.73,front,LIDAR_ONLY
0,110.2428,t1471,LIDAR_ONLY,26.4305,26.4305,,,,,,,,11.94,3.21,drive,18.10,front,LIDAR_ONLY
0,110.2428,t1470,LIDAR_ONLY,21.1660,21.1660,,,,,,,,11.94,3.21,drive,28.96,front,LIDAR_ONLY
0,110.5457,t1480,LIDAR_ONLY,23.4618,23.4618,,,,,,,,14.61,5.88,drive,26.57,front,LIDAR_ONLY
0,110.5457,t1480,LIDAR_ONLY,23.4775,23.4775,,,,,,,,14.61,5.88,drive,22.29,front,LIDAR_ONLY
0,110.6822,t1480,LIDAR_ONLY,23.4814,23.4814,,,,,,,,18.67,1.88,drive,23.79,front,LIDAR_ONLY
0,111.3885,t1502,LIDAR_ONLY,43.4205,43.4205,,,,,,,,20.22,2.58,drive,23.55,front,LIDAR_ONLY
0,111.3885,t1502,LIDAR_ONLY,33.4444,33.4444,,,,,,,,20.22,2.58,drive,27.89,front,LIDAR_ONLY
0,111.5897,t1505,LIDAR_ONLY,47.1040,47.1040,,,,,,,,19.10,3.49,drive,16.88,front,LIDAR_ONLY
0,111.5897,t1502,LIDAR_ONLY,34.1861,34.1861,,,,,,,,19.10,3.49,drive,23.80,front,LIDAR_ONLY
0,111.7878,t1505,LIDAR_ONLY,46.5855,46.5855,,,,,,,,11.71,3.11,drive,17.55,front,LIDAR_ONLY
0,111.7878,t1502,LIDAR_ONLY,35.2249,35.2249,,,,,,,,11.71,3.11,drive,24.54,front,LIDAR_ONLY
0,111.7878,t1502,LIDAR_ONLY,35.5672,35.5672,,,,,,,,11.71,3.11,drive,28.47,front,LIDAR_ONLY
0,111.9499,t1502,LIDAR_ONLY,35.7407,35.7407,,,,,,,,19.01,6.84,drive,25.22,front,LIDAR_ONLY
0,112.1884,t1519,LIDAR_ONLY,40.1824,40.1824,,,,,,,,12.25,3.43,drive,23.46,front,LIDAR_ONLY
0,112.1884,t1519,LIDAR_ONLY,40.0515,40.0515,,,,,,,,12.25,3.43,drive,26.29,front,LIDAR_ONLY
0,112.1884,t1519,LIDAR_ONLY,39.9698,39.9698,,,,,,,,12.25,3.43,drive,27.81,front,LIDAR_ONLY
0,112.4881,t1532,LIDAR_ONLY,27.8599,27.8599,,,,,,,,11.25,2.75,drive,3.51,front,LIDAR_ONLY
0,112.4881,t1533,LIDAR_ONLY,38.4071,38.4071,,,,,,,,11.25,2.75,drive,23.71,front,LIDAR_ONLY
0,112.4881,t1533,LIDAR_ONLY,38.3128,38.3128,,,,,,,,11.25,2.75,drive,27.00,front,LIDAR_ONLY
0,112.4881,t1533,LIDAR_ONLY,38.3178,38.3178,,,,,,,,11.25,2.75,drive,18.89,front,LIDAR_ONLY
0,112.6899,t1532,LIDAR_ONLY,27.3014,27.3014,,,,,,,,17.72,2.79,drive,2.89,front,LIDAR_ONLY
0,112.6899,t1533,LIDAR_ONLY,38.0779,38.0779,,,,,,,,17.72,2.79,drive,24.11,front,LIDAR_ONLY
0,112.6899,t1533,LIDAR_ONLY,38.0002,38.0002,,,,,,,,17.72,2.79,drive,25.58,front,LIDAR_ONLY
0,112.6899,t1533,LIDAR_ONLY,37.8384,37.8384,,,,,,,,17.72,2.79,drive,17.94,front,LIDAR_ONLY
0,112.6899,t1533,LIDAR_ONLY,37.8389,37.8389,,,,,,,,17.72,2.79,drive,26.51,front,LIDAR_ONLY
0,112.8849,t1533,LIDAR_ONLY,37.2100,37.2100,,,,,,,,10.36,1.15,drive,20.74,front,LIDAR_ONLY
0,112.8849,t1532,LIDAR_ONLY,26.8125,26.8125,,,,,,,,10.36,1.15,drive,0.59,front,LIDAR_ONLY
0,112.8849,t1533,LIDAR_ONLY,37.2746,37.2746,,,,,,,,10.36,1.15,drive,16.29,front,LIDAR_ONLY
0,113.0884,t1532,LIDAR_ONLY,26.1730,26.1730,,,,,,,,11.93,3.35,drive,-3.58,front,LIDAR_ONLY
0,113.0884,t1533,LIDAR_ONLY,36.8790,36.8790,,,,,,,,11.93,3.35,drive,16.94,front,LIDAR_ONLY
0,113.0884,t1533,LIDAR_ONLY,36.3510,36.3510,,,,,,,,11.93,3.35,drive,21.53,front,LIDAR_ONLY
0,113.0884,t1533,LIDAR_ONLY,35.9130,35.9130,,,,,,,,11.93,3.35,drive,22.11,front,LIDAR_ONLY
0,113.0884,t1533,LIDAR_ONLY,35.9973,35.9973,,,,,,,,11.93,3.35,drive,25.71,front,LIDAR_ONLY
0,113.0884,t1533,LIDAR_ONLY,35.7275,35.7275,,,,,,,,11.93,3.35,drive,19.53,front,LIDAR_ONLY
0,113.0884,t1533,LIDAR_ONLY,29.7848,29.7848,,,,,,,,11.93,3.35,drive,28.27,front,LIDAR_ONLY
0,113.2823,t1555,LIDAR_ONLY,39.2173,39.2173,,,,,,,,17.33,1.30,drive,13.27,front,LIDAR_ONLY
0,113.5300,t1561,LIDAR_ONLY,22.3647,22.3647,,,,,,,,10.79,1.11,drive,1.51,front,LIDAR_ONLY
0,113.7914,t1572,LIDAR_ONLY,21.1539,21.1539,,,,,,,,14.47,2.82,drive,3.57,front,LIDAR_ONLY
0,113.7914,t1573,LIDAR_ONLY,36.8234,36.8234,,,,,,,,14.47,2.82,drive,19.53,front,LIDAR_ONLY
0,113.7914,t1574,LIDAR_ONLY,32.8441,32.8441,,,,,,,,14.47,2.82,drive,29.82,front,LIDAR_ONLY
0,113.7914,t1573,LIDAR_ONLY,37.0299,37.0299,,,,,,,,14.47,2.82,drive,18.68,front,LIDAR_ONLY
0,113.7914,t1572,LIDAR_ONLY,21.0145,21.0145,,,,,,,,14.47,2.82,drive,6.76,front,LIDAR_ONLY
0,114.0864,t1583,LIDAR_ONLY,19.8642,19.8642,,,,,,,,13.72,1.11,drive,5.22,front,LIDAR_ONLY
0,114.0864,t1584,LIDAR_ONLY,35.5247,35.5247,,,,,,,,13.72,1.11,drive,21.42,front,LIDAR_ONLY
0,114.3315,t1590,LIDAR_ONLY,18.7793,18.7793,,,,,,,,12.22,1.29,drive,5.47,front,LIDAR_ONLY
0,114.3315,t1591,LIDAR_ONLY,36.3949,36.3949,,,,,,,,12.22,1.29,drive,21.02,front,LIDAR_ONLY
0,114.5935,t1598,LIDAR_ONLY,30.1861,30.1861,,,,,,,,14.45,3.57,drive,28.02,front,LIDAR_ONLY
0,114.5935,t1598,LIDAR_ONLY,30.8086,30.8086,,,,,,,,14.45,3.57,drive,21.90,front,LIDAR_ONLY
0,114.9814,t1609,LIDAR_ONLY,15.5933,15.5933,,,,,,,,13.40,1.42,cautious,4.16,front,LIDAR_ONLY
0,114.9814,t1610,LIDAR_ONLY,31.7468,31.7468,,,,,,,,13.40,1.42,drive,21.87,front,LIDAR_ONLY
0,114.9814,t1610,LIDAR_ONLY,32.0312,32.0312,,,,,,,,13.40,1.42,drive,20.87,front,LIDAR_ONLY
0,114.9814,t1610,LIDAR_ONLY,30.2719,30.2719,,,,,,,,13.40,1.42,drive,15.99,front,LIDAR_ONLY
0,114.9814,t1610,LIDAR_ONLY,29.2970,29.2970,,,,,,,,13.40,1.42,drive,17.45,front,LIDAR_ONLY
0,114.9814,t1609,LIDAR_ONLY,15.3627,15.3627,,,,,,,,13.40,1.42,cautious,7.43,front,LIDAR_ONLY
0,115.2428,t1621,LIDAR_ONLY,26.9806,26.9806,,,,,,,,16.33,3.63,drive,29.56,front,LIDAR_ONLY
0,115.2428,t1621,LIDAR_ONLY,26.3605,26.3605,,,,,,,,16.33,3.63,drive,27.30,front,LIDAR_ONLY
0,115.5378,t1629,LIDAR_ONLY,13.2529,13.2529,,,,,,,,14.81,1.98,cautious,6.71,front,LIDAR_ONLY
0,115.5378,t1630,LIDAR_ONLY,29.5077,29.5077,,,,,,,,14.81,1.98,drive,25.05,front,LIDAR_ONLY
0,115.5378,t1630,LIDAR_ONLY,26.4229,26.4229,,,,,,,,14.81,1.98,drive,29.26,front,LIDAR_ONLY
0,115.5378,t1630,LIDAR_ONLY,26.8163,26.8163,,,,,,,,14.81,1.98,drive,23.98,front,LIDAR_ONLY
0,115.5378,t1630,LIDAR_ONLY,27.0470,27.0470,,,,,,,,14.81,1.98,drive,17.51,front,LIDAR_ONLY
0,115.5378,t1630,LIDAR_ONLY,27.0872,27.0872,,,,,,,,14.81,1.98,drive,19.04,front,LIDAR_ONLY
0,115.5378,t1630,LIDAR_ONLY,26.4210,26.4210,,,,,,,,14.81,1.98,drive,20.31,front,LIDAR_ONLY
0,115.5378,t1630,LIDAR_ONLY,26.2763,26.2763,,,,,,,,14.81,1.98,drive,21.04,front,LIDAR_ONLY
0,115.5378,t1629,LIDAR_ONLY,13.1240,13.1240,,,,,,,,14.81,1.98,cautious,11.49,front,LIDAR_ONLY
0,115.6908,t1629,LIDAR_ONLY,12.9521,12.9521,,,,,,,,11.88,2.91,cautious,7.27,front,LIDAR_ONLY
0,115.6908,t1630,LIDAR_ONLY,25.9788,25.9788,,,,,,,,11.88,2.91,drive,24.56,front,LIDAR_ONLY
0,115.6908,t1630,LIDAR_ONLY,26.0195,26.0195,,,,,,,,11.88,2.91,drive,26.07,front,LIDAR_ONLY
0,115.6908,t1630,LIDAR_ONLY,26.1676,26.1676,,,,,,,,11.88,2.91,drive,18.01,front,LIDAR_ONLY
0,115.6908,t1630,LIDAR_ONLY,26.3129,26.3129,,,,,,,,11.88,2.91,drive,19.60,front,LIDAR_ONLY
0,115.6908,t1630,LIDAR_ONLY,26.4771,26.4771,,,,,,,,11.88,2.91,drive,20.84,front,LIDAR_ONLY
0,115.6908,t1630,LIDAR_ONLY,25.4307,25.4307,,,,,,,,11.88,2.91,drive,21.74,front,LIDAR_ONLY
0,115.6908,t1630,LIDAR_ONLY,25.0909,25.0909,,,,,,,,11.88,2.91,drive,28.04,front,LIDAR_ONLY
0,115.6908,t1629,LIDAR_ONLY,12.7576,12.7576,,,,,,,,11.88,2.91,cautious,11.10,front,LIDAR_ONLY
0,116.2324,t1644,LIDAR_ONLY,28.8709,28.8709,,,,,,,,15.08,1.99,drive,25.30,front,LIDAR_ONLY
0,116.2324,t1644,LIDAR_ONLY,28.2856,28.2856,,,,,,,,15.08,1.99,drive,27.56,front,LIDAR_ONLY
0,116.2324,t1645,LIDAR_ONLY,10.7787,10.7787,,,,,,,,15.08,1.99,slow,7.58,front,LIDAR_ONLY
0,116.2324,t1644,LIDAR_ONLY,27.1452,27.1452,,,,,,,,15.08,1.99,drive,18.67,front,LIDAR_ONLY
0,116.2324,t1644,LIDAR_ONLY,25.9001,25.9001,,,,,,,,15.08,1.99,drive,21.93,front,LIDAR_ONLY
0,116.2324,t1644,LIDAR_ONLY,25.3616,25.3616,,,,,,,,15.08,1.99,drive,20.58,front,LIDAR_ONLY
0,116.2324,t1644,LIDAR_ONLY,23.1928,23.1928,,,,,,,,15.08,1.99,drive,22.72,front,LIDAR_ONLY
0,116.2324,t1645,LIDAR_ONLY,10.6072,10.6072,,,,,,,,15.08,1.99,slow,12.20,front,LIDAR_ONLY
0,116.5912,t1648,LIDAR_ONLY,9.2494,9.2494,,,,,,,,17.79,4.43,slow,10.96,front,LIDAR_ONLY
0,116.5912,t1649,LIDAR_ONLY,27.6269,27.6269,,,,,,,,17.79,4.43,drive,26.19,front,LIDAR_ONLY
0,116.5912,t1649,LIDAR_ONLY,25.5996,25.5996,,,,,,,,17.79,4.43,drive,19.09,front,LIDAR_ONLY
0,116.5912,t1649,LIDAR_ONLY,24.3470,24.3470,,,,,,,,17.79,4.43,drive,21.66,front,LIDAR_ONLY
0,116.5912,t1649,LIDAR_ONLY,23.6343,23.6343,,,,,,,,17.79,4.43,drive,23.02,front,LIDAR_ONLY
0,116.5912,t1649,LIDAR_ONLY,22.9827,22.9827,,,,,,,,17.79,4.43,drive,23.99,front,LIDAR_ONLY
0,116.5912,t1649,LIDAR_ONLY,22.1947,22.1947,,,,,,,,17.79,4.43,drive,28.01,front,LIDAR_ONLY
0,116.7820,t1648,LIDAR_ONLY,8.9850,8.9850,,,,,,,,14.61,1.88,slow,6.22,front,LIDAR_ONLY
0,116.7820,t1649,LIDAR_ONLY,22.3604,22.3604,,,,,,,,14.61,1.88,drive,24.98,front,LIDAR_ONLY
0,116.7820,t1648,LIDAR_ONLY,9.3250,9.3250,,,,,,,,14.61,1.88,slow,15.33,front,LIDAR_ONLY
0,116.7820,t1648,LIDAR_ONLY,9.7872,9.7872,,,,,,,,14.61,1.88,slow,18.36,front,LIDAR_ONLY
0,116.7820,t1648,LIDAR_ONLY,10.3375,10.3375,,,,,,,,14.61,1.88,slow,20.07,front,LIDAR_ONLY
0,116.7820,t1648,LIDAR_ONLY,11.6905,11.6905,,,,,,,,14.61,1.88,slow,21.65,front,LIDAR_ONLY
0,116.7820,t1648,LIDAR_ONLY,14.7106,14.7106,,,,,,,,14.61,1.88,slow,17.44,front,LIDAR_ONLY
0,116.7820,t1649,LIDAR_ONLY,22.4296,22.4296,,,,,,,,14.61,1.88,drive,22.76,front,LIDAR_ONLY
0,116.7820,t1649,LIDAR_ONLY,22.5551,22.5551,,,,,,,,14.61,1.88,drive,28.78,front,LIDAR_ONLY
0,116.7820,t1648,LIDAR_ONLY,14.9545,14.9545,,,,,,,,14.61,1.88,slow,12.24,front,LIDAR_ONLY
0,116.9513,t1648,LIDAR_ONLY,10.5438,10.5438,,,,,,,,17.63,2.90,slow,7.27,front,LIDAR_ONLY
0,116.9513,t1649,LIDAR_ONLY,23.1385,23.1385,,,,,,,,17.63,2.90,drive,23.23,front,LIDAR_ONLY
0,116.9513,t1649,LIDAR_ONLY,23.8632,23.8632,,,,,,,,17.63,2.90,drive,25.60,front,LIDAR_ONLY
0,116.9513,t1649,LIDAR_ONLY,24.2006,24.2006,,,,,,,,17.63,2.90,drive,28.48,front,LIDAR_ONLY
0,116.9513,t1649,LIDAR_ONLY,24.4337,24.4337,,,,,,,,17.63,2.90,drive,28.28,front,LIDAR_ONLY
0,116.9513,t1648,LIDAR_ONLY,10.6259,10.6259,,,,,,,,17.63,2.90,slow,13.17,front,LIDAR_ONLY
0,116.9513,t1648,LIDAR_ONLY,10.7348,10.7348,,,,,,,,17.63,2.90,slow,14.81,front,LIDAR_ONLY
0,116.9513,t1648,LIDAR_ONLY,10.7804,10.7804,,,,,,,,17.63,2.90,slow,17.63,front,LIDAR_ONLY
0,116.9513,t1648,LIDAR_ONLY,11.3302,11.3302,,,,,,,,17.63,2.90,slow,19.53,front,LIDAR_ONLY
0,116.9513,t1648,LIDAR_ONLY,14.2446,14.2446,,,,,,,,17.63,2.90,slow,21.10,front,LIDAR_ONLY
0,116.9513,t1649,LIDAR_ONLY,24.7210,24.7210,,,,,,,,17.63,2.90,drive,24.95,front,LIDAR_ONLY
0,116.9513,t1649,LIDAR_ONLY,24.2790,24.2790,,,,,,,,17.63,2.90,drive,27.31,front,LIDAR_ONLY
0,117.0862,t1657,LIDAR_ONLY,7.1201,7.1201,,,,,,,,10.52,1.96,stop,8.16,front,LIDAR_ONLY
0,117.0862,t1649,LIDAR_ONLY,23.5023,23.5023,,,,,,,,10.52,1.96,drive,24.52,front,LIDAR_ONLY
0,117.0862,t1649,LIDAR_ONLY,23.7532,23.7532,,,,,,,,10.52,1.96,drive,26.91,front,LIDAR_ONLY
0,117.0862,t1649,LIDAR_ONLY,24.0148,24.0148,,,,,,,,10.52,1.96,drive,29.96,front,LIDAR_ONLY
0,117.0862,t1657,LIDAR_ONLY,7.7826,7.7826,,,,,,,,10.52,1.96,stop,13.87,front,LIDAR_ONLY
0,117.0862,t1648,LIDAR_ONLY,15.8747,15.8747,,,,,,,,10.52,1.96,slow,20.12,front,LIDAR_ONLY
0,117.0862,t1648,LIDAR_ONLY,16.7915,16.7915,,,,,,,,10.52,1.96,cautious,22.71,front,LIDAR_ONLY
0,117.0862,t1657,LIDAR_ONLY,8.4668,8.4668,,,,,,,,10.52,1.96,stop,15.86,front,LIDAR_ONLY
0,117.0862,t1648,LIDAR_ONLY,17.5950,17.5950,,,,,,,,10.52,1.96,cautious,26.31,front,LIDAR_ONLY
0,117.0862,t1649,LIDAR_ONLY,24.0697,24.0697,,,,,,,,10.52,1.96,drive,29.81,front,LIDAR_ONLY
0,117.2869,t1657,LIDAR_ONLY,8.1669,8.1669,,,,,,,,14.39,2.85,stop,11.53,front,LIDAR_ONLY
0,117.2869,t1648,LIDAR_ONLY,18.5610,18.5610,,,,,,,,14.39,2.85,cautious,27.04,front,LIDAR_ONLY
0,117.2869,t1649,LIDAR_ONLY,24.6358,24.6358,,,,,,,,14.39,2.85,drive,29.16,front,LIDAR_ONLY
0,117.2869,t1657,LIDAR_ONLY,8.2845,8.2845,,,,,,,,14.39,2.85,slow,16.87,front,LIDAR_ONLY
0,117.2869,t1657,LIDAR_ONLY,8.8801,8.8801,,,,,,,,14.39,2.85,slow,19.71,front,LIDAR_ONLY
0,117.2869,t1657,LIDAR_ONLY,9.3462,9.3462,,,,,,,,14.39,2.85,slow,22.99,front,LIDAR_ONLY
0,117.2869,t1648,LIDAR_ONLY,19.1504,19.1504,,,,,,,,14.39,2.85,cautious,25.40,front,LIDAR_ONLY
0,117.2869,t1649,LIDAR_ONLY,24.8994,24.8994,,,,,,,,14.39,2.85,drive,29.18,front,LIDAR_ONLY
0,117.2869,t1657,LIDAR_ONLY,9.7153,9.7153,,,,,,,,14.39,2.85,slow,14.49,front,LIDAR_ONLY
0,117.4404,t1657,LIDAR_ONLY,9.7384,9.7384,,,,,,,,22.07,4.20,slow,14.17,front,LIDAR_ONLY
0,117.4404,t1649,LIDAR_ONLY,24.2937,24.2937,,,,,,,,22.07,4.20,drive,28.57,front,LIDAR_ONLY
0,117.4404,t1657,LIDAR_ONLY,9.7870,9.7870,,,,,,,,22.07,4.20,slow,15.35,front,LIDAR_ONLY
0,117.4404,t1657,LIDAR_ONLY,9.8440,9.8440,,,,,,,,22.07,4.20,slow,17.22,front,LIDAR_ONLY
0,117.4404,t1648,LIDAR_ONLY,19.4340,19.4340,,,,,,,,22.07,4.20,drive,23.23,front,LIDAR_ONLY
0,117.4404,t1649,LIDAR_ONLY,22.6696,22.6696,,,,,,,,22.07,4.20,drive,27.05,front,LIDAR_ONLY
0,117.6412,t1657,LIDAR_ONLY,6.8307,6.8307,,,,,,,,14.61,3.55,stop,16.50,front,LIDAR_ONLY
0,117.6412,t1649,LIDAR_ONLY,22.8054,22.8054,,,,,,,,14.61,3.55,drive,29.85,front,LIDAR_ONLY
0,117.6412,t1657,LIDAR_ONLY,6.7945,6.7945,,,,,,,,14.61,3.55,stop,17.07,front,LIDAR_ONLY
0,117.6412,t1657,LIDAR_ONLY,7.2584,7.2584,,,,,,,,14.61,3.55,stop,18.16,front,LIDAR_ONLY
0,117.6412,t1648,LIDAR_ONLY,19.7198,19.7198,,,,,,,,14.61,3.55,drive,21.19,front,LIDAR_ONLY
0,117.6412,t1648,LIDAR_ONLY,19.0629,19.0629,,,,,,,,14.61,3.55,drive,25.22,front,LIDAR_ONLY
0,117.6412,t1649,LIDAR_ONLY,20.9285,20.9285,,,,,,,,14.61,3.55,drive,28.78,front,LIDAR_ONLY
0,117.6412,t1657,LIDAR_ONLY,7.4356,7.4356,,,,,,,,14.61,3.55,stop,17.51,front,LIDAR_ONLY
0,118.0356,t1678,LIDAR_ONLY,3.8243,3.8243,,,,,,,,14.09,2.05,emergency_stop,11.62,front,LIDAR_ONLY
0,118.0356,t1678,LIDAR_ONLY,4.1494,4.1494,,,,,,,,14.09,2.05,emergency_stop,13.90,front,LIDAR_ONLY
0,118.0934,t1678,LIDAR_ONLY,3.9077,3.9077,,,,,,,,9.98,4.41,emergency_stop,18.50,front,LIDAR_ONLY
0,118.0934,t1679,LIDAR_ONLY,22.4567,22.4567,,,,,,,,9.98,4.41,drive,28.82,front,LIDAR_ONLY
0,118.0934,t1678,LIDAR_ONLY,3.9781,3.9781,,,,,,,,9.98,4.41,emergency_stop,16.55,front,LIDAR_ONLY
0,118.0934,t1678,LIDAR_ONLY,4.1655,4.1655,,,,,,,,9.98,4.41,emergency_stop,17.78,front,LIDAR_ONLY
0,118.0934,t1678,LIDAR_ONLY,5.0719,5.0719,,,,,,,,9.98,4.41,emergency_stop,23.15,front,LIDAR_ONLY
0,118.0934,t1679,LIDAR_ONLY,17.2036,17.2036,,,,,,,,9.98,4.41,cautious,28.68,front,LIDAR_ONLY
0,118.0934,t1678,LIDAR_ONLY,5.6342,5.6342,,,,,,,,9.98,4.41,emergency_stop,17.01,front,LIDAR_ONLY
0,118.2384,t1678,LIDAR_ONLY,5.6367,5.6367,,,,,,,,12.82,5.06,stop,18.89,front,LIDAR_ONLY
0,118.2384,t1679,LIDAR_ONLY,17.5539,17.5539,,,,,,,,12.82,5.06,cautious,28.37,front,LIDAR_ONLY
0,118.2384,t1679,LIDAR_ONLY,18.3627,18.3627,,,,,,,,12.82,5.06,cautious,29.74,front,LIDAR_ONLY
0,118.2384,t1678,LIDAR_ONLY,6.1004,6.1004,,,,,,,,12.82,5.06,stop,22.43,front,LIDAR_ONLY
0,118.2384,t1678,LIDAR_ONLY,6.4654,6.4654,,,,,,,,12.82,5.06,stop,14.25,front,LIDAR_ONLY
0,118.2384,t1678,LIDAR_ONLY,6.1121,6.1121,,,,,,,,12.82,5.06,stop,15.94,front,LIDAR_ONLY
0,118.2384,t1678,LIDAR_ONLY,6.1532,6.1532,,,,,,,,12.82,5.06,stop,16.82,front,LIDAR_ONLY
0,118.2384,t1679,LIDAR_ONLY,18.2261,18.2261,,,,,,,,12.82,5.06,cautious,28.35,front,LIDAR_ONLY
0,118.4066,t1679,LIDAR_ONLY,15.9797,15.9797,,,,,,,,15.99,8.19,cautious,25.52,front,LIDAR_ONLY
0,118.4922,t1679,LIDAR_ONLY,4.7295,4.7295,,,,,,,,18.45,9.01,stop,27.50,front,LIDAR_ONLY
0,118.4922,t1679,LIDAR_ONLY,5.1167,5.1167,,,,,,,,18.45,9.01,stop,26.46,front,LIDAR_ONLY
0,118.4922,t1678,LIDAR_ONLY,9.8129,9.8129,,,,,,,,18.45,9.01,stop,14.55,front,LIDAR_ONLY
0,118.6490,t1678,LIDAR_ONLY,13.9769,13.9769,,,,,,,,15.35,10.05,stop,14.38,front,LIDAR_ONLY
0,118.6490,t1678,LIDAR_ONLY,16.6009,16.6009,,,,,,,,15.35,10.05,stop,19.39,front,LIDAR_ONLY
0,118.6490,t1678,LIDAR_ONLY,18.3256,18.3256,,,,,,,,15.35,10.05,stop,21.28,front,LIDAR_ONLY
0,118.6490,t1678,LIDAR_ONLY,19.6628,19.6628,,,,,,,,15.35,10.05,stop,15.49,front,LIDAR_ONLY
0,118.9878,t1690,LIDAR_ONLY,14.9775,14.9775,,,,,,,,10.17,2.31,cautious,29.90,front,LIDAR_ONLY
0,118.9878,t1691,LIDAR_ONLY,24.8262,24.8262,,,,,,,,10.17,2.31,drive,17.59,front,LIDAR_ONLY
0,118.9878,t1691,LIDAR_ONLY,22.8815,22.8815,,,,,,,,10.17,2.31,drive,20.03,front,LIDAR_ONLY
0,119.6351,t1703,LIDAR_ONLY,23.1868,23.1868,,,,,,,,13.99,1.93,drive,17.98,front,LIDAR_ONLY
0,119.6351,t1703,LIDAR_ONLY,22.0023,22.0023,,,,,,,,13.99,1.93,drive,20.05,front,LIDAR_ONLY
0,119.6351,t1703,LIDAR_ONLY,21.5030,21.5030,,,,,,,,13.99,1.93,drive,21.10,front,LIDAR_ONLY
0,119.6351,t1703,LIDAR_ONLY,21.7960,21.7960,,,,,,,,13.99,1.93,drive,15.59,front,LIDAR_ONLY
0,119.6351,t1703,LIDAR_ONLY,21.9525,21.9525,,,,,,,,13.99,1.93,drive,21.54,front,LIDAR_ONLY
0,119.6351,t1703,LIDAR_ONLY,22.1105,22.1105,,,,,,,,13.99,1.93,drive,16.16,front,LIDAR_ONLY
0,120.0937,t1714,LIDAR_ONLY,25.5445,25.5445,,,,,,,,18.39,3.53,drive,16.04,front,LIDAR_ONLY
0,120.0937,t1714,LIDAR_ONLY,24.8201,24.8201,,,,,,,,18.39,3.53,drive,17.01,front,LIDAR_ONLY
0,120.0937,t1714,LIDAR_ONLY,24.9059,24.9059,,,,,,,,18.39,3.53,drive,15.49,front,LIDAR_ONLY
0,120.3915,t1720,LIDAR_ONLY,26.3709,26.3709,,,,,,,,19.42,3.30,drive,15.35,front,LIDAR_ONLY
0,120.3915,t1720,LIDAR_ONLY,26.0733,26.0733,,,,,,,,19.42,3.30,drive,16.30,front,LIDAR_ONLY
0,120.3915,t1720,LIDAR_ONLY,24.3423,24.3423,,,,,,,,19.42,3.30,drive,19.40,front,LIDAR_ONLY
0,120.7841,t1731,LIDAR_ONLY,17.8513,17.8513,,,,,,,,10.88,1.47,drive,23.50,front,LIDAR_ONLY
0,120.7841,t1731,LIDAR_ONLY,18.0034,18.0034,,,,,,,,10.88,1.47,drive,15.56,front,LIDAR_ONLY
0,120.9149,cam_18,CAM_ONLY,49.3551,,51.7382,2.3831,,4.6061,,0,,13.54,4.14,safe,-7.70,,CAMERA_ONLY
0,120.9763,cam_18,CAM_ONLY,48.8451,,42.4719,6.3731,,15.0055,,0,,13.00,1.84,safe,-7.70,,CAMERA_ONLY
0,121.0413,cam_18,CAM_ONLY,48.8018,,42.7483,6.0535,,14.1609,,0,,14.78,2.98,safe,-7.61,,CAMERA_ONLY
0,121.0413,t1743,LIDAR_ONLY,14.7154,14.7154,,,,,,,,14.78,2.98,drive,29.16,front,LIDAR_ONLY
0,121.1151,cam_18,CAM_ONLY,49.0088,,43.1220,5.8869,,13.6517,,0,,18.06,5.35,safe,-7.48,,CAMERA_ONLY
0,121.1767,t1744,LIDAR_ONLY,35.8086,35.8086,,,,,,,,14.57,1.94,drive,-21.97,front,LIDAR_ONLY
0,121.4329,t1749,LIDAR_ONLY,16.9666,16.9666,,,,,,,,10.81,1.62,drive,24.59,front,LIDAR_ONLY
0,121.4329,t1750,LIDAR_ONLY,27.0207,27.0207,,,,,,,,10.81,1.62,drive,14.48,front,LIDAR_ONLY
0,121.4329,t1750,LIDAR_ONLY,26.1055,26.1055,,,,,,,,10.81,1.62,drive,15.51,front,LIDAR_ONLY
0,121.4329,t1750,LIDAR_ONLY,25.3278,25.3278,,,,,,,,10.81,1.62,drive,17.01,front,LIDAR_ONLY
0,121.4329,t1750,LIDAR_ONLY,24.0158,24.0158,,,,,,,,10.81,1.62,drive,18.23,front,LIDAR_ONLY
0,121.4329,t1750,LIDAR_ONLY,23.3948,23.3948,,,,,,,,10.81,1.62,drive,19.42,front,LIDAR_ONLY
0,121.4329,t1750,LIDAR_ONLY,22.8105,22.8105,,,,,,,,10.81,1.62,drive,17.45,front,LIDAR_ONLY
0,121.7437,t1765,LIDAR_ONLY,14.2769,14.2769,,,,,,,,18.24,3.41,cautious,29.92,front,LIDAR_ONLY
0,121.7437,t1766,LIDAR_ONLY,25.8639,25.8639,,,,,,,,18.24,3.41,drive,15.08,front,LIDAR_ONLY
0,121.7437,t1766,LIDAR_ONLY,24.3060,24.3060,,,,,,,,18.24,3.41,drive,17.37,front,LIDAR_ONLY
0,121.7437,t1766,LIDAR_ONLY,22.2804,22.2804,,,,,,,,18.24,3.41,drive,19.64,front,LIDAR_ONLY
0,121.9938,t1772,LIDAR_ONLY,14.6424,14.6424,,,,,,,,10.50,3.40,drive,29.01,front,LIDAR_ONLY
0,121.9938,t1773,LIDAR_ONLY,26.6334,26.6334,,,,,,,,10.50,3.40,drive,14.53,front,LIDAR_ONLY
0,121.9938,t1773,LIDAR_ONLY,25.8412,25.8412,,,,,,,,10.50,3.40,drive,15.66,front,LIDAR_ONLY
0,121.9938,t1773,LIDAR_ONLY,24.7246,24.7246,,,,,,,,10.50,3.40,drive,17.17,front,LIDAR_ONLY
0,121.9938,t1773,LIDAR_ONLY,23.6834,23.6834,,,,,,,,10.50,3.40,drive,19.22,front,LIDAR_ONLY
